title,date,question,doctor,answer,url
코 알레르기 때문에 목이 아플 수 있나요??,2020.01.04,"왼쪽 목이 혀뒤안쪽끝?은 약간 부은 거 같고 그냥 목이 약간 아프기도 하니까 뭔가 염증이 있나? 싶어서 몇번 이비인후과 갔어요(같은 증상으로) 근데 맨날 갈때마다 목엔 별게 없대요ㅠㅠ.. 목을 짧게 보시는데 다른데 보시더니 코에 알레르기가 심한건지 뭔지 뭐가 부어있대요.. 근데 전 목이 아파서 그 병원을 여러번 갔는데
1. 목에는 별게 없음 물 많이 마시고 밥 먹고 눕지 마라
2. 목이 첨엔 약간 부어있었는데 그것도 가라앉음
3. 코 안이 많이 부어있음
4. 전에 혀뒤쪽에 이물감 느껴진다고 가서 좀 자세히 봐주셨는데 그때도 아무것도 없다고 하심

근데 코가 알레르기로 부었는데 목이 아플 수가 있나요???

매번 목부터 봐주시기는 하는데 전 목이 아픈데 자구 코 얘기만 하셔서요ㅠㅠ 신체화증상으로 병원 간적 다수 있긴한데요..ㅠㅠㅠ.. 뭐 다른 병원을 또가야하는지 3달 동안 이비인후과 한 2~3번 간건데요

목은 원래 건조한편이에요 특히 왼쪽이 그리고 역류성인후염 있었어요 답변 부탁드립니다ㅠㅠㅠ",손원진 [한의사],"안녕하세요. 하이닥 한방과 상담의 손원진입니다.

1. 목구멍이 건조한 경우 작은 온도 변화나 먼지, 그리고 자극에도 목구멍이 따갑기 쉬운 편입니다.
목구멍이 건조하다고 느끼는 것이 약하다는 증상입니다.
2. 목이 건조하면 역류성 인후염 같은 목구멍 증상도 쉽게 올 수 있습니다.
3. 코가 알러지로 부어 있으면.. 콧물이 뒤로 역류하면서 목구멍을 자극할 수도 있습니다. 검사하는 시점에서는 코가 안보일 수도 있구요..

목구멍이 건조한 것을 (목구멍이 약해진 것을) 보강해줄 필요가 있어 보입니다..
비유를 들자면.. 집안에 습기가 많고 환기가 잘 안되면.. 눅눅한 냄새가 나다가... 오래되면.. 곰팡이가 자라게 됩니다. 현재 목구멍이 건조해서 (약해서..) 인후염이 (곰팡이에 비유) 오락 가락 하는 상태로 볼 수 있습니다.
좋은 한의원 치료도 권해 봅니다.

참고하시길 바랍니다.",https://www.hidoc.co.kr/healthqna/part/view/C0000490088
마늘 양파에 알레르기 2등급인데요,2019.12.31,"마늘즙 먹으면 안될까요
가슴답답한 증상이 있어서요 심장촘파 복부촘파 심전도 엑스레이 다했었구요
근데 알레르기 검사는 혹시 몇등급 이상일때 먹으면 안되나요",홍인표 [전문의],"안녕하세요. 하이닥 가정의학과 상담의 홍인표입니다.

딱 정해진 것은 없어요.
알러지 검사에서는 나왔지만 임상적으로 의미가 없는 경우도 있고 그 반대의 경우도 있어요.
알러지로 나온 음식을 피하고 임상적인 증상의 호전이 있으면 연관이 있다고 봅니다.
어떤 이유로 검사를 하게 되셨는지요? 그리고 혹시 무슨 이유로 마늘즙을 드시려고 하는지 궁금합니다.",https://www.hidoc.co.kr/healthqna/part/view/C0000489571
이게 알러지인가요?,2019.12.21,어제 새벽 2시쯤 만두랑 번데기랑 김치찜에 술을먹고 있는데 갑자기 몸이 간지러워서 몸을 보니까 모기에 물린것처럼 빨갛고 한게 몇개 몸에 나와있더라고여 그래서 술을 안먹고 집에왔는데 한숨자고 일어나니까 빨갛고 나와있는건 거의다 사라졌는데 지금까지도 계속 간지러운데 병원가봐야되나요? 알레르기 증상인가요?,강기원 [한의사],"안녕하세요. 하이닥 한방과 상담의 강기원입니다.

평소 특별한 질환이 없었다면 알콜, 음식이나 여타 외부요인에 따른 일시적 알러지 반응일 가능성이 높습니다.
간지럼이 불편하시면 피부과 진료 받아보시기 바랍니다.
만약 지속적으로 증상이 반복된다면 그때 피부과 진료를 받아보셔도 늦진 않을것 같습니다.",https://www.hidoc.co.kr/healthqna/part/view/C0000488490
피부 전체적으로 가렵습니다 음식 알레르기 인가여??,2019.12.20,피부 두드러기 나고 빨간건 많이 가라앉았는데 지금까지 아직도 전체적으로 가렵습니다 음식 알레르기 인가여??,홍인표 [전문의],"안녕하세요. 하이닥 가정의학과 상담의 홍인표입니다.

증상이 오래가거나 자꾸 반복되면 음식일 가능성도 있어요 .
의심되면 알러지 검사가 필요합니다 .
지금은 호전되고 있는 중이라고 생각합니다 .",https://www.hidoc.co.kr/healthqna/part/view/C0000488407
음식 알레르기 인가요?,2019.12.20,술먹다가 안주 여러가지 먹었는데 갑자기 간지러우면서 몸 보니까 빨갛게 모기물린것처럼 몇개가 올라와 있더라고여 다리도 간지럽고 몸도 간지럽고 머리도 간지럽고 귀 뒤도 간지럽고 배도아파서 설사도 2번이나 했습니다 알레르기일까요?,홍인표 [전문의],"안녕하세요. 하이닥 가정의학과 상담의 홍인표입니다.

많이 괴로우셨겠네요
여러가지 가능성을 고려 해볼 수 있는데요
음식물 알레르기일 가능성이 높아요
반복적으로 피부병변이 생기는 경우가 아니라면 원인을 찾기는 힘든 경우가 많습니다.",https://www.hidoc.co.kr/healthqna/part/view/C0000488354
"포도섭취 후 어지러움 및 두통, 관절 쑤심",2019.12.19,"포도류를 섭취하면 어느샌가부터 어지러움과 두통 관절이 쑤시는데요.
학생시절엔 느끼지 못하다 성인이 되고나서부터 포도류를 섭취하면 증상이 생겼습니다.
알르레기인가요?.",박종원 [전문의],"안녕하세요. 하이닥 신경과 상담의 박종원입니다.

포도의 tyramine 이라는 성분이 혈압을 올리고 알러지 반응을 일으켜서
두통이나 구역반응을 일으킬 수 있다고 되어 있습니다.
다만 확인할 수 있는 방법은 없습니다.
두통의 유발요인들은 단독적으로 두통을 일으키기는 어렵습니다.
기질적으로 두통의 호발할 수 있는 상태는 뒷목의 경직입니다.
가까운 통증관련 병원에서 뒷목과 등의 검사를 해보고 이상여부에 따라
물리치료 등을 포함한 이완요법을 해 보는 것이 도움이 될 것입니다.",https://www.hidoc.co.kr/healthqna/part/view/C0000488246
알레르기 약,2019.12.09,"알레르기 검사결과 가리온정10mg 하루두번 먹고있는데요,몸이 크게 알레르기 증상이 없는데 검사결과로 약 복용해야하나요?
안과에서 눈때문에 갔다가 이런저런 피검사로 안좋다고 하네요!",홍인표 [전문의],"안녕하세요. 하이닥 가정의학과 상담의 홍인표입니다.

여러가지 알레르기 유발 물질에 대한 반응이 있는 것으로 나타났습니다
임상증상과 관련 여부를 맞춰보아야 합니다
지금 약을 드시고 있어서 증상이 없는 것은 아닐까요?
몸에는 증상이 없어도 눈이나 코로 증상이 나타나기도 합니다",https://www.hidoc.co.kr/healthqna/part/view/C0000486972
갑각류 알래르기인건가요?,2019.12.04,"고등학생때까지만해도 안그랬는데
성인이되고 나서 새우튀김이나 게장같은걸먹으면
목이 심한 목감기가 걸린거처럼 부으는느낌?이
들거나 입가주변에 두드러기같은게 생깁니다
갑각류를 먹고나서 생긴다는걸 안뒤로 안먹지만
이게 갑각류알래르기가 맞나요?",김태균 [전문의],"안녕하세요. 하이닥 가정의학과 상담의 김태균입니다.

말씀하신 증상으로 보았을때는 갑각류 알레르기와 유사해 보입니다.
알레르기의 가장 좋은 치료는 유발 원인을 피하는 것입니다.
잘 조절하시기 바랍니다.
감사합니다.",https://www.hidoc.co.kr/healthqna/part/view/C0000486323
갑각류 알래르기인건가요?,2019.12.04,"고등학생때까지만해도 안그랬는데
성인이되고 나서 새우튀김이나 게장같은걸먹으면
목이 심한 목감기가 걸린거처럼 부으는느낌?이
들거나 입가주변에 두드러기같은게 생깁니다
갑각류를 먹고나서 생긴다는걸 안뒤로 안먹지만
이게 갑각류알래르기가 맞나요?",김태균 [전문의],"안녕하세요. 하이닥 가정의학과 상담의 김태균입니다.

말씀하신 증상으로 보았을때는 갑각류 알레르기와 유사해 보입니다.
알레르기의 가장 좋은 치료는 유발 원인을 피하는 것입니다.
잘 조절하시기 바랍니다.
감사합니다.",https://www.hidoc.co.kr/healthqna/part/view/C0000486323
코 알러지 (콧물),2019.12.02,"안녕하세요. 먼지, 기온 변화가있을 때마다 알러지가 좀 심해지는데요. 오늘 이상하게 콧물이 계속 나와서 질문 드려요. 인터넷에 찾아봤는데 몸 안에 Dampness가 있다고 하는데 알러지 관리하는데 어디서 검사 받고 어떻게 관리 해야하죠?",윤병기 [전문의],"안녕하세요. 하이닥 이비인후과 상담의 윤병기입니다.

요즘처럼 기온차가 심한 날씨에는, 이비인후과를 찾는 콧물 코막힘 환자들이 매우 많습니다.
이럴 때 말씀하시는 증상들이 아마 더 심해지시는 듯 한데요, 몸안에 dampness 가 있다는 말이 우선 무슨 의미인지,
저도 궁금하네요. 만약 내 몸에 알러지 유무가 궁금해서 검사를 해보고 싶으시다면, 요즘은 등에다가 알러지 균을 도포하여 하는 검사(피부반응검사), 그리고, 피검사로하는 알러지 검사, 크게 이 두가지가 있습니다.
편하게 코 안도 확인하시면서, 검사도 받기에는 이비인후과로 가시면 진료 및 검사 한번에 가능합니다.
관리는 검사의 양성 음성 유무에 따라서, 그리고 양성이라면 그 결과에 따라서 환경관리를 해야하느냐, 균주를 회피해야 하느냐, 아니면 약물치료를 병행해야 하느냐 달라지니, 검사 받으신 후 이비인후과 전문의 선생님께 상담 받으시기 바랍니다.",https://www.hidoc.co.kr/healthqna/part/view/C0000486043
음식을 잘못먹었는지 몸에 두드러기가 3일째 생겼다 없어졌다합니다,2019.11.30,"음식을 잘못먹었는지 속이 안좋고 몸에 붉게 알러지반응처럼 일어나서 내과를 갔습니다 내과에서 음식을 잘못먹은거 같다면서
소화제와 장약 알러지 약을 주셨는데요 속은 많이 나은거같습니다 그런데 피부에 붉은 알러지반응이 3일째 생겼다 사라졌다를 반복합니다 다른게 문제인건가요??",홍인표 [전문의],"안녕하세요. 하이닥 가정의학과 상담의 홍인표입니다.

두드러기 원인을 찾는 작업은 매우 어려운일입니다
며칠 있다가 없어지는 경우는 굳이 원인 찾는 검사를 진행하지는 않고
6주 이상 지속되는 경우를 만성 두드러기인 경우 원인을 찾는 검사를 해볼 수 있어요
흔한 원인은 음식 약물 바이러스 감염입니다
IgE와 IgG 검사가 모두 필요할 수 있습니다",https://www.hidoc.co.kr/healthqna/part/view/C0000485936
알러지 급성 호흡곤란에 관한 질문입니다.,2019.11.18,"안녕하세요.
나이 만48세 남
기관지 천식이 있었음
혈압 평균 98 140

제가 어릴적부터 알러지가 있어서 현재도 거의 매일 20년째 세티리진을 복용하고 있구요 어릴적부터 에프킬라나 신너 모기향 등을 냄새 맡으면 급성으로 호흡이 잘 안되었습니다 어릴적엔 그냥 버틸만 했는데 나이가 들면서 노출되면 호흡이 정말 힘들고 어지럽고 금방 죽을것 같은 느낌이듭니다. 네블라이져를 하면 조금은 나이지지만 거의 3시간 이상은 호흡이 힘들고 가스도차고 혈압이 급상승합니다 100 170정도 혈압약을 복용한지 얼마 안됐구요.
알러지에 의한 급성 호흡곤란이 너무 불안해서 이렇게 문의 드립니다 폐는 별이상이 없는걸로 나왔구요 가래도 없고 기침도 안합니다 담배는 20년정도 하루 반갑정도 피우다 1년전에 끊었습니다. 담배끊고 감기도 잘안걸리는데 기관지 알러지는 더욱 심해지는것 같습니다.
상담 부탁드립니다 감사합니다.",김영집 [약사],"안녕하세요. 하이닥 상담약사 김영집입니다.

면역체계 자체가 바뀌지 않는 이상 계속 그 상태이실 것 같은데요
일단은 고급 유산균을 복용하시는게 좋을 것 같습니다~
유산균의 효과는 아직 학자마다 얘기가 다르지만
장에서 영양분의 흡수가 거의 대부분이 이루어지는 만큼
장의 건강은 중요한데 유산균을 통해 나쁜균을 밀어내고 좋은균을 살게함으로써 면역력을 높이실 수 있습니다

실제로 알러지가 심하신 분들은 처방을 통해 유산균을 지속적으로 복용하시는 분들도 계십니다
하지만 처방으로 받으시는 유산균종류는 함량이 적기 때문에 고함량의 유산균을 꾸준히 복용해보시구요
그리고 로얄젤리라던지 인삼 홍삼 그리고 인태반성분인 자하거엑스 등의 면역력을 높일 수 있는 약을 드셔보셔요

식단관리도 중요합니다.
평소 알러지에 좋다는 음식을 꾸준히 약과 같이 드셔보셔요!

감사합니다",https://www.hidoc.co.kr/healthqna/part/view/C0000484642
몸 피부가 갑자기 붉어져요,2019.11.16,"안녕하세요~

몇년전부터 갑자기
얼굴, 목,상체쪽에 피부가 붉어져요 (붉게 퍼진 모양)
자세히 보니 오돌토돌한것 or 모기 물린것 같은것이 올라와 있어요..가렵고요,
옷이든 뭔가 닿아 있으면 더 커져요
시간이 지나면 없어져요

자주 그러니까..가려워서 불편하네요
옛날부터 음식알레르기 (돼지고기)가 있어서
가렵기는 했었어요..

어떤 피부질환 일까요?
약물치료가 필요한가요?",윤장호 [전문의],"안녕하세요. 하이닥 비뇨의학과 상담의 윤장호입니다.

얼굴 목 상체 쪽 피부가 가려우면서 발적이 잘 된다는 질문이네요

돼지고기 알레르기가 있다고 하네요
음... 사람이 살면서 알러지가 새로 생기거라 변할 수 있습니다
제가 볼 때는 뭔가에 대한 알러지가 새로 생긴 것 같은데요
알레르기를 전문으로 보는 피부과를 들러 항원 검사를 받아보시는 것을 추천드립니다
피하는 것이 상책이기 때문이거든요

답변이 도움이 되었길 바랍니다",https://www.hidoc.co.kr/healthqna/part/view/C0000484417
턱보톡스 시술한지 2~3일정도 됐는데요,2019.11.07,"제가 알레르기가 있어서 소량의 스테로이드제
성분이 들어있는 약을 처방받아 먹게 됐는데
보톡스 효과나 이런거에는
상관없겠죠?",송민규 [전문의],"안녕하세요. 하이닥 피부과 상담의 송민규입니다.

보톡스 전에 복용한 약물 중에 일부는 보톡스 효과에 영향이 있을 수 있다고 알려져 있습니다.
하지만 보톡스 후에 알러지 약 복용은 큰 문제 없을 것으로 생각됩니다.

도움이 되셨기를 바랍니다.",https://www.hidoc.co.kr/healthqna/part/view/C0000483501
음식으로 하루아침에 여드름이나 편평사마귀가 올라올 수 있나요,2019.10.24,"평소 체중관리나 피부관리 때문에 식단관리를 하는데
어쩌다 한번 빵이랑 커피를 마셨는데 바로 다음날 피부가 울긋불긋 해지고 트러블이 올라옵니다
여드름성 피부라고 피부과에서 의사선생님이 말씀하시긴 했는데 아무리 그래도 이렇게 한번 먹었다고 피부에 나타나나요?
그럼 저는 평생 가공식품은 입에 안대고 살아야하는건지ㅜ
지금도 가공식품 끊고 단백질, 과일 위주로 먹는데 정말 어쩌다 한번 먹는걸로도 이러니 스트레스 받아요
너무 바로 반응이 나타나니 혹시 알러지는 아닌가 싶기도 한
데..... 조언좀 부탁드립니다",김형수 [전문의],"안녕하세요. 하이닥 피부과 상담의 김형수입니다.

한번의 식이로도 병변이 발생하는 것이 가능하긴 하지만, 말씀하신대로라면 다른 원인도 생각을 해 봐야 할 것 같습니다. 여드름의 경우 유제품이나 탄수화물 음식을 제한해서 호전이 되는 경우도 있지만 영향이 없는 분들도 많습니다. 실제로 계속 이런 경험이 있었다면 어느정도 식이 제한을 하시는 것이 좋을 것 같습니다.",https://www.hidoc.co.kr/healthqna/part/view/C0000482217
햄스터와 천식 기관지염 비염등등 관련있나요?,2019.09.19,폐기능검사를 8월9일에 마지막으로했고 햄스터는 7월 16일부터 키우기시작했습니다 제방에서 키웠고 8월달에 폐기능검사 했을때 결과가 좋게나왔어요 오늘 목이아퍼서 병원에갔었는데 햄스터 키우지 말라고하는데 기관지염이나 그런거하고 관련있나요? 정이너무 많이들어서 도저히 분양못보내겠는데 부모님이 건강이우선이라고하니까....,김지우 [의사],"안녕하세요. 하이닥 상담의 김지우입니다.
햄스터도 알레르기를 유발해서 몸안에 염증을 발생시킵니다.

그래서 기관지염과 관련 있습니다.

햄스터 를 분양 보내는게 건강에 좋습니다.",https://www.hidoc.co.kr/healthqna/part/view/C0000478787
45개월 여아 두드러기 문의드립니다.,2019.08.20,"안녕하세요. 45개월 여자아이 아빠입니다.

제 아이가 최근 첨부된 사진과 같이 피부에 두드러기 같은 증상을 자주 보여 글 올리게 되었습니다.

(i) 사진의 두드러기는 최근 2주 사이에 세번정도 보이고 있으며,
(ii) 일단 한번 생기면 특정 부위를 가리지 않고 여기저기 생기고
(iii) 생기는 수는 많게는 20여개까지 보인 경우가 있습니다.
(iv) 다만 매우 빠르게 10분 이내에 자연스럽게 없어지기는 합니다.
(v) 두드러기 자체는 빨갛지는 않고 두드러기 주변으로는 붉은 색을 띕니다.

워낙 빨리 없어지는지라 저렇게 두드러기가 올라온 상태로 병원을 가보지는 않았습니다.


선생님들의 조언 기다리겠습니다.

감사합니다.",강영록 [전문의],"안녕하세요. 하이닥 소아청소년과 상담의 강영록입니다.

두드러기는 피부 자체의 질병이 아니라 속에서의 알레르기 반응이 피부로 나타나는 것입니다.
여기저기 생겼다 가라앉았다를 반복할 수 있습니다.

문제는 원인이 무엇일까입니다.
아이들의 경우는 먹는 것이 가장 가능성이 있으니 식사일기를 써서 평가해 보면 도움이 많이 됩니다.
그래도 알기 어려울 때는 알러지 유발 물질에 대한 혈액검사를 해볼 수도 있습니다.
나타나는 빈도가 많아지거나 그냥 가라앉지 않을 때 소아청소년과에서 진찰을 해보십시오.",https://www.hidoc.co.kr/healthqna/part/view/C0000475168
약복용때문에..,2019.08.28,"선생님 제가 먹는약이있는데 알레르기관련인데요..
다른건 성분이겹쳐 괜찮은데 오늘병원다른데가서 약을좀다르게먹었거든요..원래는 옴니셰프캡슐(3세대 세팔로스포린계) 이거먹었는데 오늘만 니소론엠정(부신피질호르몬)요거 먹었는데 내일부터 다시 옴니셰프로 먹어도상관없을까요? 몸속에 약은언제분해될까요.?.. 알레르기는 처음봐준 병원이 낫다고해서요..",김태균 [전문의],"안녕하세요. 하이닥 가정의학과 상담의 김태균입니다.

처음드신 약과 오늘만 드신약은 성분이 다릅니다. (항생제vs 부신피질호르몬)
알레르기에 대한 치료를 위해 다시 원래 드시던 약으로 드시는 것은 전혀 상관이 없을 것으로 생각됩니다.
알레르기는 증상에 대한 치료가 중요하고 발생 원인을 찾아내고 원인을 회피하는 것이 중요합니다.
몸속의 약이 분해되는 것은 크게 중요하지 않습니다.
너무 걱정하지마시고 치료 잘 받으시길 바랍니다.

감사합니다.",https://www.hidoc.co.kr/healthqna/part/view/C0000476035
목에 두드러기,2019.08.17,제가 목 안이 부었는데 두드러기 때문일 수 있나요??,김진용 [전문의],"안녕하세요. 하이닥 이비인후과 상담의 김진용입니다.
충분히 그럴 수 있습니다.
두드러기 때문에 목안이 붓는 경우도 종종있습니다.
피부에 발진이 없는지도 궁금하네요
가까운 이비인후과에 가서 약물 처방받으세요",https://www.hidoc.co.kr/healthqna/part/view/C0000474842
복숭아 알레르기 일까요?,2019.08.19,"어제 저녁 복숭아를 먹고 난 후 갑자기 목이 간질간질하면서 기침이 나오기 시작했구요. (평소에 복숭아나 오렌지를 먹고 나서 기침이 나올 때도 있고 안 나올 때도 있었습니다. 반반?)

허벅지 뒤쪽이랑 옆쪽에 빨간 점?? 같은 것들이 많이 생겼었습니다. 간지럽지 않고 크기는 크지 않았어요. 물집은 아닌 것 같고 만져보면 살짝 오돌토돌했어요.

오늘 자고 일어나니 빨간 점들은 사라졌는데 목이 계속 간질거려요. 그래서 감기 같기도 한데.. 어제 두드러기 같은 것 때문에 복숭아 알레르기인가 싶기도 하네요..",김지우 [의사],"안녕하세요. 하이닥 상담의 김지우입니다.
복숭아 알레르기일 수도 있습니다.
하지만 복숭아 에 묻어있던 균이나,바이러스 때문에 그럴 수도 있고
복숭아 에 묻어있던 화학 물질 때문에 증상이 생겼을 수도 있습니다.
복숭아 알레르기 여부는 병원에서 피검사,피부 검사를 통해 확진 가능합니다.",https://www.hidoc.co.kr/healthqna/part/view/C0000474958
약에대해 질문이요!,2019.08.08,"알레르기때문에 처방받은것들인데..첫번째사진은 저번에 받았던것이구 두번째는 요근래껀데..첫번째와 두번째사진 각각 다른병원 처방입니다ㅠㅠ 처방전 비교했을때 약효(?)가 많이 다른가요??
아 그리구 두번째 사진에 있는것들이랑 같이 추가로 후메론+올로텐 안약쓰구있어요!",김태균 [전문의],"안녕하세요. 하이닥 가정의학과 상담의 김태균입니다.

약효가 많이 다르다기보다는 첫번째 약에는 알레르기를 조절하는 약이 있고 두번째 약에는 포함되어 있지 않습니다.
하지만 안약으로 알레르기를 조절하는 약이 있기 때문에 큰 상관이 없을 것으로 생각됩니다.
약효의 차이는 크게 있지 않으니 잘 드시고 안약 점안 잘 하시며 치료 잘 받으시길 바랍니다.

감사합니다.",https://www.hidoc.co.kr/healthqna/part/view/C0000473850
선생님 알레르기로 약넣는거때문에요..,2019.08.05,"1.퀴노비드안연고,오플록사신정,아나특소정 처방받았는데 안연고를 넣기전 가지고있는안약 뭘 넣으라고했는데 진료보기전 안압쟀는데 22정도나왔대요 평균보단높게나왔다는데.. 전에두 알레르기로 안약 남은게있어요 제가집에 후메론과 올로텐 안약이 있는데 올로텐은넣는게 맞는거같은데 후메론도넣는게맞는걸까요??",송명철 [전문의],"안녕하세요. 하이닥 안과 상담의 송명철입니다.

안압이 22 정도로 약간 높은 편입니다. 올로텐은 상관없으나 후메론은 안압을 올릴 수 있는 안약이니 후메론을 사용하는 동안에는 안압이 올라가는지 정기 검진 받으면서 사용하시기
바랍니다.

알러지 정도에 따라 안약을 조절해야 하니 안약 사용 방법은 처방 받은 병원에 다시 한번 문의 해 보시는게 좋을 것 같군요...",https://www.hidoc.co.kr/healthqna/part/view/C0000473439
알레르기로 질문했던사람인데..,2019.08.05,안압걱정이되서요 ㅠㅠ 먹는약을3일받아서 일단 후메론과 퀴노비드안연고쓰고 그후에 안압체크 받을겸 진료보러갈건데 !!! 3일만에 확 높아지거나 그렇진않겠죠?!.. 근데 제가 알레르기에 너무 민감해진건지....염증너무잘걸리네요ㅠ,우성욱 [전문의],"안녕하세요. 하이닥 안과 상담의 우성욱입니다.
후메론 안약이 강력하지 않기 때문에 그럴 가능성은 낮습니다. 3일 후에는 꼭 안과 방문하시기 바랍니다.
도움이 되셨으면 합니다. 감사합니다.",https://www.hidoc.co.kr/healthqna/part/view/C0000473463
알레르기때문에ㅠㅠ,2019.08.05,"1.퀴노비드안연고,오플록사신정,아나특소정 처방받았는데 안연고를 넣기전 가지고있는안약 뭘 넣으라고했는데 진료보기전 안압쟀는데 22정도나왔대요 평균보단높게나왔다는데.. 제가집에 후메론과 올로텐 안약이 있는데 올로텐은넣는게 맞는거같은데 후메론도넣는게맞는걸까요??",우성욱 [전문의],"안녕하세요. 하이닥 안과 상담의 우성욱입니다.
후메론을 점안하면 알레르기성 염증에 효과를 볼 수 있습니다. 하지만 안압이 약간 높으니 안압을 잘 체크하면서 점안하시기 바랍니다. 감사합니다.",https://www.hidoc.co.kr/healthqna/part/view/C0000473442
개털 알레르기 궁금증,2019.07.15,"어릴적 알레르기 검사로 개털과 고양이털에 높은 수치가 있던건 아는데요
어제 아는사람 개랑 놀아서 개가 제 무릎다리허벅지 손 등을 핥았는데
부위가 간지러운건 익숙한데 막 모기물린것처럼 부풀어 오르더군요

1) 개타액의 단백질이 상처나 여드름 등을 통해 피부속으로 침투하면 부풀어 오르는걸까요?

2) 1이 맞다면 모기물린곳의 염증반응이랑 다른 알러지 반응이랑 비슷한거라고 보면 될까요?",김태균 [전문의],"안녕하세요. 하이닥 가정의학과 상담의 김태균입니다.

원래 개털에 알레르기 있기 때문에 접촉부위가 부풀어 오르는 것은 있을 수 있는 일입니다.

1) 타액속의 단백질이 작용했을지 혹은 털의 어떤 물질이 작용했을지의 명확한 원인은 확인하기 어렵습니다.

부풀어 오른 뒤 항히스타민제 같은 약 복용 후 증상이 완화 되었다면 알레르기라고 볼 수 있겠고, 만약 상처부위가 부풀어

올랐는데, 통증이나 발열감 등이 동반되었다면 상처부위 감염도 생각해 볼 수 있습니다.

2) 모기물린곳의 반응도 알레르기 반응의 일종입니다. 염증반응과 알레르기 반응은 다릅니다.

감사합니다.",https://www.hidoc.co.kr/healthqna/part/view/C0000471172
타로버블티,2019.07.13,타로버블티 먹고 몸이 가렵거나 뭐가나거나 따갑거나 하지는 않죠?,상재형 [전문의],"안녕하세요. 하이닥 가정의학과 상담의 상재형입니다.

음식을 먹고 가렵거나 따갑거나 한 반응은 일종의 알러지 반응입니다.
음식에 대한 알러지 반응은 개개인이 다 다르기 때문에 무조건 그 음식을 탓할 순 없습니다.
예를들어 대부분의 국민이 먹는 쌀에도 알러지 반응이 있는 사람이 있으니까요

그리고 타로버블티를 먹고 나서 가렵고 따가운 증세가 있다하며 꼭 타로버블티가 원인이 아닐 수도 있으니
혹, 타로버블티를 먹을 때 마다 동일 증상이 반복된다면 의심해 볼 수는 있겠습니다.

참고로 버블티는 원래 타피오카 펄 이 들어간 밀크티를 뜻하죠
최근에는 밀크티 뿐만 아니라 다양한 음료에도 타피오카 펄이 들어간 음료가 나오고 있습니다.
타피오카 펄은 카사바라는 남아메리카 원산지의 알뿌리 식물에서 얻은 전분으로 만든 알갱이이며
타로는 우리나라의 토란과 같은 종의 열대지방 작물이라고 합니다.
말씀하신 증상 없으시면 맛있게 드세요 ^^~",https://www.hidoc.co.kr/healthqna/part/view/C0000471032
수액 알러지 반응인가요?,2019.07.02,"제가 며칠전에 병원가서 수액을 맞았습니다. 병원은 어지러워서 간겁니다.
여튼 링겔맞은 자리가 첨부한 사진처럼 돼서 엄청 간지러웠습니다.
피부과 갔더니
팔에 라벨리아(모메타손푸로에이트) 로션 처방해주시면서 혼잣말하듯 접촉성 피부염있다고 하시더라구요. 정확한 진단명을 들은 건 아닙니다.

여튼 그러고보니
제가 일년정도 전에 달리다가 인대늘어나고 골멍들어서 넘 아파서
일주일정도 병원에 입원한 적이 있는데 그때 링겔 맞는데 엄청 아프더라구요. (이번에 수액맞으러 간 병원에선 한방에 찌르고 안 아팠습니다. 제가 전에 아팠던 경험땜에 겁내니 아기용 바늘 찔렀으니 안심하라고 해주시더군요.)

다리 아파서 간 병원 간호사들은 아프다고 해도 링겔은 잘 들어갔다고 좀 있으면 괜찮아진다고 해서 참았는데 밤새 너무 아파서 울고불고 하다가 결국 다음날 아침에 뺐습니다.

혹시 이거 알러지 있는지 검사해봐야 하는 건가요?
혹시나 해서 링겔 알러지 검색해보니 수액 알러지가 뜨더라구요...",김소연 [전문의],"안녕하세요. 하이닥 내과 상담의 김소연입니다.

링거라기보다는 반창고에 알레르기가 있는것으로 보여집니다.
수액알러지가 아니라 반창고에 붙은 접착제 성분에 대한 알러지로 보여집니다.
종이테이프를 사용하시는게 좋겠습니다.",https://www.hidoc.co.kr/healthqna/part/view/C0000469327
다리목반점,2019.07.01,약8년전부터 발등및발목부터발생한 갈색반점이 차츰번지더니 지금은 무릅위 까지올라온상태입니다.대학병원피부과3곳가인병원피부과등을 다녀도간단한연고또는로션만처방 지금상태에 이르렇습니다.고칠수있는병인지 궁금해요.현명한답변 부탁드립니다.,유서례 [전문의],"안녕하세요. 하이닥 피부과 상담의 유서례입니다.

사진상으로는 명확하지는 않으나 만성색소자색반(pigmented purpuric dermatosis, purpura pigmentosa chronica)이라고 하는 비교적 드문 질환으로 생각됩니다.
일반적으로 증상이 없거나 가벼우며 30-40대 성인에서 다리에 호발합니다.
모세혈관이 약한 사람이나, 아스피린이나 아세트아미노펜 등의 약을 복용하는 경우, 또는 접촉성 알레르기에 의해서 생길 수 있습니다.
약이나 알레르기 에 의해서 생긴 경우에는 중단하면 좋아지며, 국소 스테로이드나 먹는 약 등으로 치료합니다.
근처 피부과 전문의 병원에서 진료를 받아보시기 권해드립니다.
감사합니다.",https://www.hidoc.co.kr/healthqna/part/view/C0000469247
모유수유 아기 분유알러지,2019.06.24,"안녕하세요?
모유수유 이제 9갤된 아기구요
치즈한번먹이구 초유성분 들어있는 유산균 먹였더니 유제품 알러지 있는걸 알았네요
그전까지는 제가 뭘먹든 상관없이 괜찮았는데

오늘 유청단백 들어있는 쉐이크 먹고 수유하니 사진처럼 올라오더라구요 ㅠㅠ
그리고 40분 지나니 깨끗해졌어요 얼굴은 볼에 네개정도 올라오구요
그다음 수유때 우유 한잔 이랑 아스크림 바닐라먹었어요 어떤가 보려구요. 한시간뒤 수유했는데 유청단백보다는 덜한데 등에 아주 조금 올라오더라구요 ㅠㅠ

알러지 음식을차단하라는 말도 있고 조금씩 먹여야 한다는 말도 있던데 어떤게 맞는건지 모르겠어요

초유성분 비타민 먹였을땐 입가에 알러지 올라오더라구요 한시간뒤 사라지고여 치즈는 반장 먹였을때 몸까지 올라오고 한시간뒤 다 사라졌어요

아기가 딱히 힘들어하는거 같진않았구 완모라 변은 늘 무른편이구요

단유해야하는데 이것 참 난감합니다 여자아기라 두유도 먹이기가 좀 꺼려져요.
유제품 엄마도 먹으면 안될까요 우유치즈요거트 거의 달고 살아요",한재병 [전문의],"안녕하세요. 하이닥 상담의 한재병 입니다.

영상으로 답변드립니다.
감사합니다.",https://www.hidoc.co.kr/healthqna/part/view/C0000468269
밤에 잘때 몸이 간지러워요,2019.06.21,"아토피 체질은 아닌데
가끔 몸에 열이나면 따끔거리는 증상이
있습니다
잘땐 속옷과 에어리즘 한장입고
얇은여름이불에 창문 열어놓고
방온도는 25도 습도60 프로 되는데
왜 몸이 근질근질 거릴까요
깨있을땐 안그런데 자기만 하려하거나 잘때
그러네요 몸에 발진이 나진 않습니다
춥게자서 그런건아닌지 아니면 뭘 먹고자서
그런건지",유서례 [전문의],"안녕하세요. 하이닥 피부과 상담의 유서례입니다.

체온이 오를 때 가려움증과 따끔따끔한 느낌이 생긴다면 콜린성 두드러기일 가능성도 있습니다.
하지만, 소양증은 매우 다양한 질환에 의해 생길 수가 있으므로 소양증의 원인을 진단하기 위해서는 발생 시점, 악화되는 상황, 동반되는 피부병변의 유무 등 자세한 병력청취가 필요합니다.
증상이 지속되거나 불편하다면 근처 피부과 전문의 병원을 찾으셔서 진료를 받아보시기 권합니다.
감사합니다.",https://www.hidoc.co.kr/healthqna/part/view/C0000467947
밤에 잘때 몸이 간지러워요,2019.06.21,"아토피 체질은 아닌데
가끔 몸에 열이나면 따끔거리는 증상이
있습니다
잘땐 속옷과 에어리즘 한장입고
얇은여름이불에 창문 열어놓고
방온도는 25도 습도60 프로 되는데
왜 몸이 근질근질 거릴까요
깨있을땐 안그런데 자기만 하려하거나 잘때
그러네요 몸에 발진이 나진 않습니다
춥게자서 그런건아닌지 아니면 뭘 먹고자서
그런건지",유서례 [전문의],"안녕하세요. 하이닥 피부과 상담의 유서례입니다.

체온이 오를 때 가려움증과 따끔따끔한 느낌이 생긴다면 콜린성 두드러기일 가능성도 있습니다.
하지만, 소양증은 매우 다양한 질환에 의해 생길 수가 있으므로 소양증의 원인을 진단하기 위해서는 발생 시점, 악화되는 상황, 동반되는 피부병변의 유무 등 자세한 병력청취가 필요합니다.
증상이 지속되거나 불편하다면 근처 피부과 전문의 병원을 찾으셔서 진료를 받아보시기 권합니다.
감사합니다.",https://www.hidoc.co.kr/healthqna/part/view/C0000467947
몸에 이상징후,2019.06.19,제가 단걸 많이먹으면 피부가 오돌토돌하게 일어나거든요? 근데요즘 시험기간이고 그래서 늦게 자고 단걸 많이먹었는데 이것도 단걸 많이먹어서 그런걸까요?,김소연 [전문의],"안녕하세요. 하이닥 내과 상담의 김소연입니다.

음식에 대한 알레르기가 있으신가요?
사진상으로는 두드러기인지 명확하게 잘보이지는 않습니다.
단거 먹지 마세요",https://www.hidoc.co.kr/healthqna/part/view/C0000467758
몸에 이상징후,2019.06.19,"요즘에 시험때문에 늦게자는 일이빈번해졌습니다
그런데 요즘 머리가 깨질듯이 아프고 눈을 굴리면 정말 아프고 너무 어지럽습니다.그리고 팔에 좁쌀만한 빨간 반점이 올라오는데 괜찮을까요?
그리고 제가 단걸 많이먹으면 피부가 일어나는 편인데 단걸 많이먹어서 그런걸까요?",김소연 [전문의],"안녕하세요. 하이닥 내과 상담의 김소연입니다.

단거 너무먹지 마세요 단거 피하면괜찮으실것 같습니다.
음식으로 인한 알레르기로 생각됩니다. 증상지속시 알레르기 검사를 받아보셔야 합니다.",https://www.hidoc.co.kr/healthqna/part/view/C0000467754
몸에 이상징후,2019.06.19,"요즘에 시험때문에 늦게자는 일이빈번해졌습니다
그런데 요즘 머리가 깨질듯이 아프고 눈을 굴리면 정말 아프고 너무 어지럽습니다.그리고 팔에 좁쌀만한 빨간 반점이 올라오는데 괜찮을까요?
그리고 제가 단걸 많이먹으면 피부가 일어나는 편인데 단걸 많이먹어서 그런걸까요?",김소연 [전문의],"안녕하세요. 하이닥 내과 상담의 김소연입니다.

아무래도 단음식을 많이 먹어서 알레르기 발생한거 같습니다., 평소에도 단것드시면 알러지 있었다하시니..
알레르기 검사를 받아보시는게 좋겠습니다.",https://www.hidoc.co.kr/healthqna/part/view/C0000467755
몸에 이상징후,2019.06.19,"요즘에 시험때문에 늦게자는 일이빈번해졌습니다
그런데 요즘 머리가 깨질듯이 아프고 눈을 굴리면 정말 아프고 너무 어지럽습니다.그리고 팔에 좁쌀만한 빨간 반점이 올라오는데 괜찮을까요?
그리고 제가 단걸 많이먹으면 피부가 일어나는 편인데 단걸 많이먹어서 그런걸까요?",김소연 [전문의],"안녕하세요. 하이닥 내과 상담의 김소연입니다.

단거 너무먹지 마세요 단거 피하면괜찮으실것 같습니다.
음식으로 인한 알레르기로 생각됩니다. 증상지속시 알레르기 검사를 받아보셔야 합니다.",https://www.hidoc.co.kr/healthqna/part/view/C0000467754
몸에 이상징후,2019.06.19,"요즘에 시험때문에 늦게자는 일이빈번해졌습니다
그런데 요즘 머리가 깨질듯이 아프고 눈을 굴리면 정말 아프고 너무 어지럽습니다.그리고 팔에 좁쌀만한 빨간 반점이 올라오는데 괜찮을까요?
그리고 제가 단걸 많이먹으면 피부가 일어나는 편인데 단걸 많이먹어서 그런걸까요?",김소연 [전문의],"안녕하세요. 하이닥 내과 상담의 김소연입니다.

음식에 대한 알레르기 인것으로 판단됩니다.
단거 먹지 마시고 증상이 지속되고 불편하다면 음식 알레르기 검사를 받아보시는게 좋겠습니다.",https://www.hidoc.co.kr/healthqna/part/view/C0000467756
몸에 이상징후,2019.06.19,제가 단걸 많이먹으면 피부가 오돌토돌하게 일어나거든요? 근데요즘 시험기간이고 그래서 늦게 자고 단걸 많이먹었는데 이것도 단걸 많이먹어서 그런걸까요?,김소연 [전문의],"안녕하세요. 하이닥 내과 상담의 김소연입니다.

음식에 대한 알레르기가 있으신가요?
사진상으로는 두드러기인지 명확하게 잘보이지는 않습니다.
단거 먹지 마세요",https://www.hidoc.co.kr/healthqna/part/view/C0000467758
알래르기인가요?,2019.06.16,"성인이 되고나서부터

새우튀김을 먹으니까 목안이 가렵다고해야
될까 그렇더군요

그리고 간장게장을 먹으니까 입가 주위가
부어오른달까 그런식이고요

그래서 이런현상을 겪은뒤로는
갑각류종류는 멀리하고 있는데

주위해야될 사항이 또 뭔가 있을까요?
그리고 알래르기는 치유가 죽을때까지
안되는건가요?",유서례 [전문의],"안녕하세요. 하이닥 피부과 상담의 유서례입니다.

근처 피부과 전문의나 내과 병원에 가셔서 음식물 알레르기에 대한 정확한 검사를 받아보세요.
갑각류(해산물)에 대한 알레르기는 지속되는 경우가 많습니다.
감사합니다.",https://www.hidoc.co.kr/healthqna/part/view/C0000467390
알래르기인가요?,2019.06.16,"성인이 되고나서부터

새우튀김을 먹으니까 목안이 가렵다고해야
될까 그렇더군요

그리고 간장게장을 먹으니까 입가 주위가
부어오른달까 그런식이고요

그래서 이런현상을 겪은뒤로는
갑각류종류는 멀리하고 있는데

주위해야될 사항이 또 뭔가 있을까요?
그리고 알래르기는 치유가 죽을때까지
안되는건가요?",유서례 [전문의],"안녕하세요. 하이닥 피부과 상담의 유서례입니다.

근처 피부과 전문의나 내과 병원에 가셔서 음식물 알레르기에 대한 정확한 검사를 받아보세요.
갑각류(해산물)에 대한 알레르기는 지속되는 경우가 많습니다.
감사합니다.",https://www.hidoc.co.kr/healthqna/part/view/C0000467390
피부상담 문의합니다!,2019.06.15,"피부상담 문의합니다!
저녁이나 밤 또는 스트레스를 받거나 기름진 음식을 먹을때 랜덤으로 피부가 저렇게 부어오릅니다..
가렵기도 하구요
어떤 증상인지 아시는분 계시면 답변 부탁드리겠습니다!",김지우 [의사],"안녕하세요. 하이닥 피부과 상담의 김지우입니다.

특정 요인에 대한 알레르기입니다.
병원에서 페*라민,스테로이드 주사맞고 먹는약 페*라민,스테로이드 복용하면 많이 좋아질거에요.

감사합니다. ",https://www.hidoc.co.kr/healthqna/part/view/C0000467310
새우와 딸기 알러지(두드러기) 질문입니다.,2019.06.07,"제가 한 2년쯤 전에 새우 필라프와 딸기잼을 한 끼에 먹어봤습니다. 한 1시간쯤 후 두드러기가 엄청 올라오더라고요. 얼굴부터 쇄골 위쪽은 다요.
그 전까지도, 그 후로도 새우도 맛있게 먹고 딸기도 맛있게 먹고(한 끼에 같이 먹은 적은 한 번도 없었습니다) 하는데 두드러기가 난 적은 없고요.
그러다가 한달쯤 전에 왕새우튀김과 딸기초코파이를 먹었습니다. 30분 후에 두드러기 왕창 올라오더라고요.
그래서 불안불안한 마음에 다음날 새우덮밥을 먹었습니다. 말짱했어요.

두 항원을 한꺼번에 섭취해야만 알러지가 오는 경우가 있나요?

일단 그 전에 알러지성 비염때문에 28종 항원 검사를 한 적이 있는데, 먹는거랑 물 빼곤 말 그대로 모조리 반응하긴 했습니다. 두 종의 집먼지진드기에 +6 +8 적으시더라고요. 히스타민은 +2였습니다. 나머지는 +2~+4고요.",모하규 [한의사],"안녕하세요. 하이닥 한방과 상담의 모하규입니다.

알러지 항원은 한 가지 원인물질이 다양한 증상(천식, 알레르기비염, 아토피 피부염 등)을 나타낼 수 있습니다.
또 여러 종류의 원인물질이 같은 증상을 나타내기도 하구요.

따라서 두가지 원인물질이 상호작용을 통해 알러지가 오는 경우는 흔치 않지만 가능하다고 보여집니다.
더구나 28종 항원검사에서 대다수에 반응하실 정도라면 몸의 면역력이 좋지 못한 상태라고 보여지므로 면역력을 바로잡을 수 있는 치료를 하시는 것이 좋을 것 같습니다.
가까운 피부관련 한의원이나 병원에 내원하셔서 상담받아보시길 권해드립니다.

답변이 도움되셨길 바랍니다. 감사합니다.^^",https://www.hidoc.co.kr/healthqna/part/view/C0000466379
알레르기결막염으로,2019.06.11,"알레르기결막염으로 후메론,파제오안약,인공눈물이렇게쓰고있는데.. 후메론 일회용으로된거 열흘치주시던데 하루두번 넣기도하나용????다른분들은 네번넣는다는글을봐서 ..전 두번이라고써있네요..
아그리구 레스타시스 디쿠아스도 후메론받기전에썼었는데요 레스타시스 면역억제(?)안염증에 도움된다고 설명서에써있던데..왜 쓰고있음에도 눈염증이생기는건가요ㅠㅠ??",우성욱 [전문의],"안녕하세요. 하이닥 안과 상담의 우성욱입니다.

1. 경우에 따라서는 후메론을 2회 점안하기도 합니다.

2. 레스타시스가 알레르기성 염증에 도움이 되기도 합니다. 다만 알레르기 염증의 정도에 따라 효과의 유무가 달라집니다. 따라서 알레르기성 염증이 심하다면 레스타시스를 점안하더라도 효과가 미미할 가능성이 있습니다.

도움이 되셨으면 합니다. 감사합니다.",https://www.hidoc.co.kr/healthqna/part/view/C0000466800
알레르기결막염으로,2019.06.11,"알레르기결막염으로 후메론,파제오안약,인공눈물이렇게쓰고있는데.. 후메론 일회용으로된거 열흘치주시던데 하루두번 넣기도하나용????다른분들은 네번넣는다는글을봐서 ..전 두번이라고써있네요..
아그리구 레스타시스 디쿠아스도 후메론받기전에썼었는데요 레스타시스 면역억제(?)안염증에 도움된다고 설명서에써있던데..왜 쓰고있음에도 눈염증이생기는건가요ㅠㅠ??",우성욱 [전문의],"안녕하세요. 하이닥 안과 상담의 우성욱입니다.

1. 경우에 따라서는 후메론을 2회 점안하기도 합니다.

2. 레스타시스가 알레르기성 염증에 도움이 되기도 합니다. 다만 알레르기 염증의 정도에 따라 효과의 유무가 달라집니다. 따라서 알레르기성 염증이 심하다면 레스타시스를 점안하더라도 효과가 미미할 가능성이 있습니다.

도움이 되셨으면 합니다. 감사합니다.",https://www.hidoc.co.kr/healthqna/part/view/C0000466800
약 알레르기 질문,2019.06.04,"어제밤 편두통때문에 나프록센 진통소염제를 먹고 잤는데 알레르기 때문인지 눈이 심하게 부어있네요. 이전에 이부프로펜을 먹었을때도 똑같이 부었었는데. 나프록센을 먹고 부운건 처음이네요.. 이전에 먹었을땐 괜찮았는데...

지금 해외라 병원을 가기 힘든데. 세티리진염산염 알레르기제 아르텍을 가지고있습니다. 이것으로도 알레르기성 붓기가 개선될 수 있을까요?",황해연 [약사],"안녕하세요. 하이닥 상담약사 황해연입니다.

나프록센과 이부프로펜은 같은 계열의 진통제 이기 때문에 이부프로펜에 알러지증상이 있으시면 나프록센에도 알러지가 발생할 수 있습니다.
가지고 계신 알러지약으로 어느정도는 도움받으실 수 있으니 복용해 보시기 바랍니다.

감사합니다. ",https://www.hidoc.co.kr/healthqna/part/view/C0000466027
알레르기 인가요?ㅠㅠ,2019.05.31,"안녕하세요 선생님!
두달 전에 얼굴에 알레르기가 생겨서 눈이랑 얼굴이 탱탱 부어 올랐었습니다.
그 당시 손에 옅은 갈색? 으로 손에 미미하게 알레르기가 올라왔고 그리고 오늘 이렇게 빨간 색으로 올라왔는데요... 간지럽거나 통증은 없습니다. 일반적인 알러지인가요?
계속 몸에 알러지 증상이 생가는데 어떻게 해야할까요...ㅠㅠ",서창진 [전문의],"안녕하세요. 하이닥 내과 상담의 서창진입니다.

네 현재 사진상의 소견으로 알러지 반응이 의심되며 이는 약물이나 음식, 기타 여러 요인으로 전신 반응을 동반해서 발생가능합니다. 직접 시진과 촉진 등 후에 좀더 정확한 진단이 가능하겠습니다.

감사합니다. ",https://www.hidoc.co.kr/healthqna/part/view/C0000465465
아침에만 가렵습니다.,2019.05.24,"한 일주일 되었습니다.

아침에 눈을 뜨면.. 목, 팔뚝이 가렵습니다.
피부과에서는 면역성이 떨어져서 그렇다고 하시는데..

제가 간이 좀 많이 좋지 않습니다.
5월10일 경부터 일이 좀 많아 밤을 좀 많이 새고. 몸이 계속 피곤한데..

간때문에 이러한 증상이 나오는 것인가요?
4월 말일에 건강검진을 재검 받았습니다.
결과는
간초음파 : 거친에코
혈청알파태아단백질검사 : 음성
권고사항 : 간초음파 검사상 간이 거칠게 보이며, 간암수치는 정상입니다.

인터넷으로 써핑을 해 보았는데. 간이 좋지 않으면 간지럽다고 하더라구여.

또 입천장에 수포도 생겼는데..
왜 그런가요?",김소연 [전문의],"안녕하세요. 하이닥 내과 상담의 김소연입니다.

간이 안좋아서 황달이 생기거나 하면 가려울수는 있습니다. 하지만 단순히 간보다는 알레르기 문제일수도 있구요 지속적으로 가렵거나 증상이 나타나면 병원 가셔서 상담받아보시는게 좋겠습니다.

감사합니다. ",https://www.hidoc.co.kr/healthqna/part/view/C0000464604
미각성 비염 치료에 대한 질문,2019.05.17,"안녕하세요.
일반적인 식사를 할 때마다 콧물이 나서 먹는 중간에 최소 1~2번은 코를 푸는데요. 특히 라면 같은 뜨겁고 매운 음식을 먹을 때는 5~6번 이상 심하게 콧물이 납니다. (맑지만 어느 정도 점성은 있는 콧물) 식사를 마치면 콧물이 나지 않습니다. 그 외에 특별한 증상은 없습니다. 이렇게 된 지는 약 5년 정도 된 것 같습니다. 중요한 자리에서는 이게 꽤 불편하게 작용했었는데 치료가 가능하다는 걸 알고 질문드립니다.

- 저에게 추천해 주실만한 치료방법이 궁금합니다.
- 먹는 약이나 비강분무제가 있다고 하는데 이게 스테로이드처럼 일시적인 증상만 감소해줘서 중단하면 다시 발생하는 건지 본질적으로 치료가 어느 정도 되는 건지 궁급합니다.

감사합니다.",강현우 [전문의],"안녕하세요. 하이닥 이비인후과 상담의 강현우입니다.

매운것을 먹을때 심하고 뜨거운걸 먹을때 심하다고 하면 음식물 유발성 비염이라고 볼수 있는데, 콧물만 많이 나신다고 하면 식사 10분전 콧물을 줄여주는 스프레이를 사용할수 있습니다.

알레르기 비염도 내 몸의 면역 반응이기 때문에 알레르기를 치료하려면 면역치료 등을 통해 면역반응을 감소시켜야 되는데, 알레르기에서 스테로이드 분무제도 일시적으로 증상을 감소시킨다고 보기는 어렵고 증상을 일시적으로 감소시키는건 보통 처방 없이 약국에서 살수 있는 혈관수축제 성분의 스프레이인데 ,이건 수일이상 쓰게 되면 약물성 비염이 와서 다른 약이 안듣습니다.

콧물을 줄여주는 스프레이도 내 몸의 반응을 미리 줄여주는 것이기 때문에 쓰다가 안쓴다고 콧물이 안나지는 않을 것입니다.
내몸의 감각신경이 염증 물질을 내보내는것이라서 본질적인 치료는 어렵습니다.

감사합니다.",https://www.hidoc.co.kr/healthqna/part/view/C0000463728
꽃가루 알레르기 시력,2019.05.18,"이틀 전 목요일에 천연꽃가루로 된 꿀벌화분을 한 스푼 먹었습니다. 
저는 꽃가루 알레르기가 있는데 당시에는 목 위로 얼굴 모든 부분이 붓기가 있고 코점막 기도까지 부어올라 숨쉬기 힘들었고 눈물도 나며 눈부심도 심하였고 시력도 저하된 느낌이었습니다.
이비인후과에서 알레르기 주사와 링거를 맞고 약 하루분을 먹은 뒤 현재는 매우 호전이 되었습니다.

저는 라섹을 15년도에 했고 약 두달 전 강직성 척추염 초기라는 진단도 받았습니다. 

오늘 알레르기를 앓기 전보다 시력이 약간 떨어진 것 같습니다. 눈에 대한 통증 뻑뻑함 이런 것은 일절 없으며 모든 부분은 정상입니다.

알레르기로 인한 일시적인 시력저하인가요? 아니면 안과를 방문해야하나요?",정중영 [전문의],"안녕하세요. 하이닥 안과 상담의 정중영입니다.

알러지가 있을 때 일시적으로 안구건조증이 심해질 수 있습니다. 안구건조증 증상이 보통은 뻑뻑하고 따가운 증상으로 나타나는데요, 이런 증상 없이 시야가 흐려지는 증상만 생기시는 분들 도 있습니다. 인공눈물을 점안해 보시고, 계속 시력이 떨어진 느낌이 지속되면 안과검진을 받아보시기 바랍니다.

답변이 도움이 되었으면 합니다. 감사합니다.",https://www.hidoc.co.kr/healthqna/part/view/C0000463841
입술이..,2019.04.15,"입술이 이렇게 부었어요...
오늘 틴트를 오랜만애 바르긴 했는데...
원래 알래르기성 결막염도 있고 음식물 두드러기도 있어요 근데 입술에도 가끔 이랬었는데
오늘 오랜만애 이렇게...",김소연 [전문의],"안녕하세요. 하이닥 내과 상담의 김소연입니다.

만지거나 하지마시고 시간이 지나면 보통 저절로 호전되나 지속적으로 부어있다면 내과 방문해서 진료보시는게 좋겠습니다. 알레르기 일수 있으며 항히스타민제등 약을드시는게 좋겠습니다.

감사합니다. ",https://www.hidoc.co.kr/healthqna/part/view/C0000459717
고기 알레르기 증상 질문드려요,2019.04.11,"평소 고기 알레르기가 있다고 생각했씁니다

고기만 먹으면 3~4일을 기점으로 간지러운 증상이 있었는데 (피부에 발진이 올라와서 몇주 갑니다)

알레르기 피검사 결과에선 아무이상 없다고 나오더군요

가지러운 증상을 가지고 20년 가까이 살았는데

아토피나 다른 피부병을 의심해봐야하나요",김소연 [전문의],"안녕하세요. 하이닥 내과 상담의 김소연입니다.

고기 자체 보다는 고기에서 나오는 기름이나 다른 성분에 의한 알러지일수도 있습니다.
알레르기 내과나 피부과 가셔서 상담 받아보시는게 좋겠습니다.
감사합니다. ",https://www.hidoc.co.kr/healthqna/part/view/C0000459324
부신피질검사에 관하여...,2019.04.11,갑상선 수치는 정상이나 다른쪽 문제가 있는지 부신피질검사를 했습니다. 시낙텐주를 정맥주사후 30분 단위로 채혈했습니다.문제는 시낙텐주를 정맥주사후 속이 메슥거리고 약간의 두통과 어지럼증이 나타났습니다.하루가 지났는데도 속이 메슥거리고 어지럼증과 추위타는 증상이 사라지지 않네요.더 심해지지는 않지만 식사하기가 버겁습니다.시낙텐주 정맥주사시 이런 증상이 나타나는게 정상인가요? 속이 메슥거리는건 위장약으로 완화가 되나요?,고시환 [전문의],"안녕하세요. 하이닥 소아청소년과 상담의 고시환입니다.

검사전 아마도 해당 병원에서 알러지에 대한 체크가 있었지 않았을까 싶습니다.
과민반응시 알러지소견으로 두드러기나 주사부위의 발적과 동통, 심할 시 호흡곤란등을 보일 수 있는대 아마도 어지럼증과 메슥함을 보이는 것은 장내 두드러기소견이 아닌까 의심이 됩니다.

다만, 그 정도가 심하지 않다면 자연 소실되어질 것이니 너무 걱정하지 마시고 혹여라도 증상이 이어진다면 주치의와의 상담이 필요할 것입니다. 알러지반응이라해도 증상후 체크는 치료나 관리가 어렵지 않으니 너무 걱정하지 않으셔도 됩니다.

감사합니다. ",https://www.hidoc.co.kr/healthqna/part/view/C0000459321
고기 알레르기 증상 질문드려요,2019.04.11,"평소 고기 알레르기가 있다고 생각했씁니다

고기만 먹으면 3~4일을 기점으로 간지러운 증상이 있었는데 (피부에 발진이 올라와서 몇주 갑니다)

알레르기 피검사 결과에선 아무이상 없다고 나오더군요

가지러운 증상을 가지고 20년 가까이 살았는데

아토피나 다른 피부병을 의심해봐야하나요",김소연 [전문의],"안녕하세요. 하이닥 내과 상담의 김소연입니다.

고기 자체 보다는 고기에서 나오는 기름이나 다른 성분에 의한 알러지일수도 있습니다.
알레르기 내과나 피부과 가셔서 상담 받아보시는게 좋겠습니다.
감사합니다. ",https://www.hidoc.co.kr/healthqna/part/view/C0000459324
조영제 맞고나서 피부벗겨짐 부작용있는데 치료어떻게하나요?,2019.04.08,"얼굴부분이 제일심한데요 세수만 하면 너무건조해서 입도 벌리기 힘들정도고요

목덜미나 목뒤부분에서 샤워하고나면 피부가 지우개가루 나오듯이 벗겨지는데

어떤약을 먹어야하고 치료는 어떻게하나요?

가정의학과가서 진료받았는데 알러지약과 부신?으로 시작하는 약 4일치 받아서 현재 2일째 먹고있는데
효과는 못느끼고있습니다

참고로 얼굴부분은 건조함이 너무심해서 집에 '아리코트에스크림' 이라는 광범위피부질환제를 발랐더니 얼굴피부는 정상이됐습니다",김소연 [전문의],"안녕하세요. 하이닥 내과 상담의 김소연입니다.

조영제 부작용으로 알레르기 로 보입니다. 항히스타민제 스테로이드 제 가 주요한 약일 것 같구요 .
가까운 병원에 가셔서 다시 약을 처방받거나 주사를 맞는게 좋겠습니다.
감사합니다. ",https://www.hidoc.co.kr/healthqna/part/view/C0000458737
제가 기관지유발검사를 받은 것으로 알고 있는데,2019.04.04,"먼저 선생님의 빠른 답변에 감사드립니다.
혈액검사로 하는 알레르기검사(?)에서는 미미한 정도의 집먼지 진드기 알레르기가 있다고 들었습니다.
제가 기관지유발검사를 받은 것으로 알고 있는데 인터넷으로 정보를 얻으면서 기관지유발검사를 시행한 분들의 검사결과지와는 다른데 이전질문에서 첨부자료로 올린 검사결과지에는
기관지유발검사에 대한 결과치가 있는가요? 결과치가 있다면 어느부분이 메타콜린반응검사?에 대한 부분인가요?
저도 천식이라는 진단을 정말 안받고 싶어서 담당교수님께 재차 천식이 맞는지에 대해 확인하였으나 의심의 여지없이 기침하는 양상 및 검사결과 상 천식이 맞다고 합니다ㅠ
검사결과에 대해 설명하실 때 그래프를 보시면서 정상적인 사람은 이정도 수준으로 안 내려가는데 저는 꾸준히 지속적으로떨어진다고 하시면서 확진을 내리셨습니다ㅠ

답답한 마음에 구구절절 적었습니다.
정확한 제몸의 상태를 알고싶어 선생님께 답변을 부탁드립니다
감사합니다",김소연 [전문의],"안녕하세요. 하이닥 내과 상담의 김소연입니다.

수치상으로 봤을때는 천식은 아니신거 같은데 저도 알레르기 천식 전문의가 아닌지라 정확한 답변은 드리기가 어려울것 같습니다. 하지만 병력이나 증상, 그래프 모양 등으로 진단을 하셨다면 교수님 의견이 맞을거라고 생각됩니다.

감사합니다.",https://www.hidoc.co.kr/healthqna/part/view/C0000458214
음식알레르기,2019.03.31,"안녕하세요
요즘 갑자기 새우 알레르기 현상이 나타나 질문드려요
40평생 잘만 먹던 새우인데 최근 새우만 먹으면 입이나 입술주변이 불편하더라구요 살짝 붓거나 따갑고 아프다가 가라앉아요
면역이 떨어진다던지 아니면 다른이유에서 이런건가요? 궁금합니다",이강욱 [전문의],"안녕하세요. 하이닥 소아청소년과 상담의 이강욱입니다.

어린 시절 괜찮았지만 성인이 된 후에 알레르기 반응을 보일 수 있습니다. 정확한 원인을 알기 위해서는 가까운 병의원에서 새우에 대한 특정 알레르기 검사를 받기를 권합니다.
감사합니다. ",https://www.hidoc.co.kr/healthqna/part/view/C0000457514
새우 알레르기,2019.03.31,"안녕하세요
요즘 갑자기 새우 알레르기 현상이 나타나 질문드려요
40평생 잘만 먹던 새우인데 최근 새우만 먹으면 입이나 입술주변이 불편하더라구요 살짝 붓거나 따갑고 아프다가 가라앉아요
면역이 떨어진다던지 아니면 다른이유에서 이런겅가요? 궁금합니다",황희진 [전문의],"안녕하세요. 하이닥 가정의학과 상담의 황희진입니다.

알레르기는 아직 왜 생기는지 밝혀내지 못한 질환입니다.
면역이 떨어지는 것과 무관합니다.

회피요법(입에 대지 않는 거)이 최선의 치료입니다.
특정 질환의 치료제에 과민반응(알레르기)가 심하게 나서 치료를 못 할 경우, 면역관용을 유도하는 치료를 하지만, 먹는 음식을 위해서 그런 치료를 하지는 않습니다.

감사합니다.",https://www.hidoc.co.kr/healthqna/part/view/C0000457513
몸이 간지럽습니다. 그리고 피부가 붉고 오돌오돌 올라오네요,2019.03.29,"요즘 거의 집에 오면 몸이 심하게 가렵습니다.
낮에 일할때는 못 느끼는데 집에와서(주로 컴퓨터방에 많이 앉아있어요) 있으면, 갑자기 간지러움이 알러지 처럼 올라오네요. 조금 간지러운게 아니라 심하게 가려워 긁게되면 붉어지고 그자리에 오돌오돌 피부가 올라와요! 주로 팔,다리,엉덩이,등쪽이 그렇습니다
한달정도 된것같구요! 최근엔 거의 매일 그러네요
좀 참고 긁지않고 있으면 15분정도 뒤에 좀 가라앉는것 같구요. 저녁에 집에와서 특히 컴퓨터방에 있을때 꼭 그런것 같아요!
방 공기가 나빠서일까요? 피부과 가서 진료받으면 될까요? ㅜㅜ",엄일준 [의사],"안녕하세요. 하이닥 피부과 상담의 엄일준입니다.

계절성이나 기타 원인에 대한 알레르기 반응으로 보여집니다.
약물 복용력이나 환경 등 다양한 원인에 대한 감별이 필요해 보입니다.
방치하지 마시고 피부과에 내원하여 액물치료를 받으시는 것이 필요해 보입니다.

감사합니다. ",https://www.hidoc.co.kr/healthqna/part/view/C0000457288
봄철 쯤 되면 눈두덩이가 부어요,2019.03.26,"여성입니다.
항상 이맘때쯤 되면 눈두덩이가 붓고 따겁고 간지러워요
그러다가 몇일 지나면 괜찮고
또 몇일 있다가 그러고 계속 반복되는데
무슨 이유일까요
증상을 완화시키려면 어떻게 해야할까요?",엄문용 [전문의],"안녕하세요, 하이닥 내과 상담의 엄문용 입니다.

완화시키는 방법을 모색하는 것도 중요하지만 왜 눈두덩이가 붓는지에 대한 평가부터 해보셔야 하겠습니다.
계절성 알레르기 반응이 의심이 되는데 이맘때쯤 흔한 꽃가루 알레르기를 비롯해 각종 항원에 대한 알레르기 반응을 의심해볼 수 있겠습니다.
알레르기 반응검사를 통해 내가 어떤 항원에 반응을 보이고 있는지 알고 있어야 회피요법을 통해 증상 재발을 예방할 수 있습니다.
가까운 내과에 내원하셔서 이에 대한 진료 및 검사를 받아보시기 바랍니다.
치료는 일반적으로 항히스타민 제제의 약물입니다.

감사합니다. ",https://www.hidoc.co.kr/healthqna/part/view/C0000456978
봄철 쯤 되면 눈두덩이가 부어요,2019.03.26,"여성입니다.
항상 이맘때쯤 되면 눈두덩이가 붓고 따겁고 간지러워요
그러다가 몇일 지나면 괜찮고
또 몇일 있다가 그러고 계속 반복되는데
무슨 이유일까요
증상을 완화시키려면 어떻게 해야할까요?",엄문용 [전문의],"안녕하세요, 하이닥 내과 상담의 엄문용 입니다.

완화시키는 방법을 모색하는 것도 중요하지만 왜 눈두덩이가 붓는지에 대한 평가부터 해보셔야 하겠습니다.
계절성 알레르기 반응이 의심이 되는데 이맘때쯤 흔한 꽃가루 알레르기를 비롯해 각종 항원에 대한 알레르기 반응을 의심해볼 수 있겠습니다.
알레르기 반응검사를 통해 내가 어떤 항원에 반응을 보이고 있는지 알고 있어야 회피요법을 통해 증상 재발을 예방할 수 있습니다.
가까운 내과에 내원하셔서 이에 대한 진료 및 검사를 받아보시기 바랍니다.
치료는 일반적으로 항히스타민 제제의 약물입니다.

감사합니다. ",https://www.hidoc.co.kr/healthqna/part/view/C0000456978
숲 근처에서 사는데 자꾸 몸이 아파요...어떻게 할 수 없을까요?,2019.03.11,"안녕하세요. 저는 쓸개제거수술 후에 갑자기 재생불량성 빈혈이 발병한 청년입니다.

경증이지만 5년이나 병을 앓은 상태이기에 몸이 많이 허약한 상태입니다.

키 170에 몸무게가 53이구요...

하루 1시간 이상 걸으면 힘들 정도로 몸이 많이 약합니다. 잘 뛰지도 못하구요.

아무튼 근데 병을 고쳐보고 싶어서 도심에서 산 근처로 집을 옮겼습니다.

20미터만 올라가면 바로 산책로가 있을 만큼 산하고 인접한 집입니다.

그런데 이 집으로 이사가고 나서 한 2년 정도 지냈는데,

주기적으로 몸이 아프기 시작했습니다.

패턴은 대략 이렇더군요. 4월 돼서 풀잎과 꽃이 만개하면 슬슬 몸이 좋아집니다.

여름까지 몸이 무척 좋습니다. 뛰어다닐 수도 있을 정도로요.

9월 돼서 잎이 다 떨어지고 나면 제 몸도 슬슬 아파오기 시작합니다.

10월이 되면 집에서 자기만 해도 얼굴이 붓고 몸이 매우 피곤한 증상이 나타납니다.

눈도 좀 따갑구요. (새집증후군은 아닙니다. 지은 지 25년된 집이에요)

결국 겨울만 되면 도저히 집에서 잘 수가 없어서

친구네 집에 양해를 구하고 친구네 집에서 신세를 지거나 부모님 집으로 대피했습니다.

지금 3월이 돼서 다시 집에 왔는데

여전히 집에서 자면 얼굴이 붓고 눈이 따갑고 그러네요...ㅠㅠ

제가 추측해보기로는 겨울만 되면

산에서 날아오는 무언가가 저를 그렇게 만든다는 것입니다.

그런 생각을 하게 된 데에는 증거 몇 가지가 있습니다.

첫째, 창문을 열고 환기를 할 때마다 얼굴이 더 심하게 붓습니다.

창문을 닫으면 그나마 눈이 덜 따갑고 얼굴이 가라앉는 것도 느껴집니다.

혹시나 해서 밖에 1시간 정도 서있어 봤습니다. 얼굴이 확 붓더군요.

둘째 증거는

산에서 100미터 떨어진 친구 집에서 자면 얼굴이 좀 덜 붓고,

200미터 떨어진 친구 집에서 잤더니 얼굴이 아예 붓지 않았다는 것입니다.

결국 이러한 것들을 볼 때,

산에서 날아오는 무언가가 저를 그렇게 만드는 것 같습니다.

그게 겨울나무, 뭐 소나무 같은 거에서 날아오는 물질 때문인지,

아니면 나무에 뿌린 살충제 때문인지는 모르겠습니다.

(몸이 허약한지라 그런 독성에 매우 약합니다. 2~3세 아이가 먹는 한약 먹고도

간수치가 올라 먹지 못했을 정도였거든요.)

아니면 제가 쓸개제거수술 후에 지방섭취가 너무 안 돼서

극단적으로 지방섭취를 제한하고 있는데 혹시 이것 때문에

면역력이 약해져서 그런 걸 수도 있을까요?

아무튼 이걸 어떻게 해결할 수 있는 방법이 없을까요??

이사를 가기는 힘든 상황입니다...ㅜㅜ

어찌해야 좋을까요?

혹시 도움이 될 수 있는 방법이 있다면 알려주시면 매우 감사하겠습니다.",김소연 [전문의],"안녕하세요, 하이닥 내과 상담의 김소연 입니다.

계절에 따라 몸상태에 변화가 생긴다면 아무래도 산에 서 지내시는경우 알레르기가 원인이 아닐까 싶습니다.
겨울철 산에서 접할수 있는 원인물질에 의해 알레르기가 있으시면 그러실 수 있을 것 같아요
알레르기 내과를 가보시는게 좋겠습니다.

감사합니다. ",https://www.hidoc.co.kr/healthqna/part/view/C0000454906
숲 근처에서 사는데 자꾸 몸이 아파요...어떻게 할 수 없을까요?,2019.03.11,"안녕하세요. 저는 쓸개제거수술 후에 갑자기 재생불량성 빈혈이 발병한 청년입니다.

경증이지만 5년이나 병을 앓은 상태이기에 몸이 많이 허약한 상태입니다.

키 170에 몸무게가 53이구요...

하루 1시간 이상 걸으면 힘들 정도로 몸이 많이 약합니다. 잘 뛰지도 못하구요.

아무튼 근데 병을 고쳐보고 싶어서 도심에서 산 근처로 집을 옮겼습니다.

20미터만 올라가면 바로 산책로가 있을 만큼 산하고 인접한 집입니다.

그런데 이 집으로 이사가고 나서 한 2년 정도 지냈는데,

주기적으로 몸이 아프기 시작했습니다.

패턴은 대략 이렇더군요. 4월 돼서 풀잎과 꽃이 만개하면 슬슬 몸이 좋아집니다.

여름까지 몸이 무척 좋습니다. 뛰어다닐 수도 있을 정도로요.

9월 돼서 잎이 다 떨어지고 나면 제 몸도 슬슬 아파오기 시작합니다.

10월이 되면 집에서 자기만 해도 얼굴이 붓고 몸이 매우 피곤한 증상이 나타납니다.

눈도 좀 따갑구요. (새집증후군은 아닙니다. 지은 지 25년된 집이에요)

결국 겨울만 되면 도저히 집에서 잘 수가 없어서

친구네 집에 양해를 구하고 친구네 집에서 신세를 지거나 부모님 집으로 대피했습니다.

지금 3월이 돼서 다시 집에 왔는데

여전히 집에서 자면 얼굴이 붓고 눈이 따갑고 그러네요...ㅠㅠ

제가 추측해보기로는 겨울만 되면

산에서 날아오는 무언가가 저를 그렇게 만든다는 것입니다.

그런 생각을 하게 된 데에는 증거 몇 가지가 있습니다.

첫째, 창문을 열고 환기를 할 때마다 얼굴이 더 심하게 붓습니다.

창문을 닫으면 그나마 눈이 덜 따갑고 얼굴이 가라앉는 것도 느껴집니다.

혹시나 해서 밖에 1시간 정도 서있어 봤습니다. 얼굴이 확 붓더군요.

둘째 증거는

산에서 100미터 떨어진 친구 집에서 자면 얼굴이 좀 덜 붓고,

200미터 떨어진 친구 집에서 잤더니 얼굴이 아예 붓지 않았다는 것입니다.

결국 이러한 것들을 볼 때,

산에서 날아오는 무언가가 저를 그렇게 만드는 것 같습니다.

그게 겨울나무, 뭐 소나무 같은 거에서 날아오는 물질 때문인지,

아니면 나무에 뿌린 살충제 때문인지는 모르겠습니다.

(몸이 허약한지라 그런 독성에 매우 약합니다. 2~3세 아이가 먹는 한약 먹고도

간수치가 올라 먹지 못했을 정도였거든요.)

아니면 제가 쓸개제거수술 후에 지방섭취가 너무 안 돼서

극단적으로 지방섭취를 제한하고 있는데 혹시 이것 때문에

면역력이 약해져서 그런 걸 수도 있을까요?

아무튼 이걸 어떻게 해결할 수 있는 방법이 없을까요??

이사를 가기는 힘든 상황입니다...ㅜㅜ

어찌해야 좋을까요?

혹시 도움이 될 수 있는 방법이 있다면 알려주시면 매우 감사하겠습니다.",김소연 [전문의],"안녕하세요, 하이닥 내과 상담의 김소연 입니다.

계절에 따라 몸상태에 변화가 생긴다면 아무래도 산에 서 지내시는경우 알레르기가 원인이 아닐까 싶습니다.
겨울철 산에서 접할수 있는 원인물질에 의해 알레르기가 있으시면 그러실 수 있을 것 같아요
알레르기 내과를 가보시는게 좋겠습니다.

감사합니다. ",https://www.hidoc.co.kr/healthqna/part/view/C0000454906
재채기,2019.02.28,"요즘들어 재채기를 너무 자주 합니다
평소 비염도없습니다
환절이기는 하지만
재채기를 유발하는 또 다른 이유도 알려주세요

이런증상생긴지 5일정도 됬는데 이젠 재채기를 하면 콧물도 나오고 조금 어질어질해요",강기원 [한의사],"안녕하세요, 하이닥 한방과 상담의 강기원 입니다.

평소 비염이 없었더라도 최근 미세먼지 등으로 인해 재채기가 있을수도 있겠네요.
혹시 역류성 식도염이 있는 경우에도 만성적으로 마른기침 증상이 있을 수 있습니다.
우선 이비인후과 진료부터 받아보시길 권해드립니다.

감사합니다. ",https://www.hidoc.co.kr/healthqna/part/view/C0000453588
재채기,2019.02.28,"요즘들어 재채기를 너무 자주 합니다
평소 비염도없습니다
환절이기는 하지만
재채기를 유발하는 또 다른 이유도 알려주세요

이런증상생긴지 5일정도 됬는데 이젠 재채기를 하면 콧물도 나오고 조금 어질어질해요",강기원 [한의사],"안녕하세요, 하이닥 한방과 상담의 강기원 입니다.

평소 비염이 없었더라도 최근 미세먼지 등으로 인해 재채기가 있을수도 있겠네요.
혹시 역류성 식도염이 있는 경우에도 만성적으로 마른기침 증상이 있을 수 있습니다.
우선 이비인후과 진료부터 받아보시길 권해드립니다.

감사합니다. ",https://www.hidoc.co.kr/healthqna/part/view/C0000453588
이게 알레르기 일까요,2019.02.11,"토요일날 놀러갔다가 (펜션) 그리고 일요일날 배에보니까 저렇게 뭐가 났어요 근데 토요일날 저녁에 놀러가기전에 샤워할때 때수건으로 빡빡 밀었거든요
이게 베드버그인지 아니면 샤워로인해서 저게난건지모르겠어요 배에 5개정도있고 엉덩이쪽에도 2군데가있던데.. 자세히보면 좁쌀같은게 같이빨간거안에있는데....어떤거일까요 간지럽진 않아요",한재병 [전문의],"안녕하세요, 하이닥 응급의학과 상담의 한재병 입니다.

사진으로 명확하지는 않지만, 알레르기의 가능성은 조금 떨어져보입니다.
가까운 피부과 진료 권유합니다.
감사합니다. ",https://www.hidoc.co.kr/healthqna/part/view/C0000451489
이게 알레르기 일까요,2019.02.11,"토요일날 놀러갔다가 (펜션) 그리고 일요일날 배에보니까 저렇게 뭐가 났어요 근데 토요일날 저녁에 놀러가기전에 샤워할때 때수건으로 빡빡 밀었거든요
이게 베드버그인지 아니면 샤워로인해서 저게난건지모르겠어요 배에 5개정도있고 엉덩이쪽에도 2군데가있던데.. 자세히보면 좁쌀같은게 같이빨간거안에있는데....어떤거일까요 간지럽진 않아요",한재병 [전문의],"안녕하세요, 하이닥 응급의학과 상담의 한재병 입니다.

사진으로 명확하지는 않지만, 알레르기의 가능성은 조금 떨어져보입니다.
가까운 피부과 진료 권유합니다.
감사합니다. ",https://www.hidoc.co.kr/healthqna/part/view/C0000451489
음식을 먹으면 갑자기 열이 나요,2019.01.02,"엄청 춥다가도 입에 음식이 들어가기만 하면 갑자기 열이 미친듯이 나요.

추운 날씨에 패딩 입고 학교 식당 들어가서 몇 숟가락만 뜨면 열이 참을 수 없을 정도로 나요.

특히 얼굴, 등 쪽이 심한 것 같고, 열이 날 때는 온 몸이 갑자기 따끔따끔거리면서 땀이 나요.

따끔따끔거릴 때 막 찔린 듯이 따거우면서도 간지러워서 벅벅 긁는데, 긁지 않으면 머리가 띵할 정도로 순간적으로 쿡쿡 찌르는 듯이 따끔거려요.

여름엔 덜한데 겨울엔 너무 심해서 두꺼운 옷을 입고 밥을 먹질 못하겠어요.

주위 친구들 보면 제가 정상은 아닌 것 같기도 하고 혹시나 건강에 문제가 생긴건 아닌지 걱정되네요.

아직 성인은 아니고 남고생입니다.",한재병 [전문의],"안녕하세요, 하이닥 응급의학과 상담의 한재병 입니다.

열감이 느껴진다는건지, 실제 열이 있는건지 한번 체온을 측정해보시기를 추천합니다.
모든 음식에 다 그런지, 특정 음식물에 반응하는지도 확인하시구요.
콜린성 두드러기 등의 가능성이 있어보입니다.
알레르기 진료가 가능한 병원에서의 진료를 권유합니다.

감사합니다.",https://www.hidoc.co.kr/healthqna/part/view/C0000446634
알레르기성 접촉성 피부염 주름 호전될까요?,2019.01.01,일주일 전 접촉성 피부염이 눈가로 심하게 생겼었습니다. 약 치료 후 두드러기와 홍조는 금세 나아졌는데 눈가 건조함과 잔주름이 나아지지 않고 있습니다. 아직 20대 중반인데 하루아침에 없던 주름들이 눈가로 심하게 생겨 스트레스가 이만저만이 아닙니다 ㅠㅠ 심하게 생겨버렸어요... 호전 될 수 있는지 여부와 어느정도의 기간이 필요한지 여쭤볼게요 ㅠㅠ 감사합니당,김소연 [전문의],"안녕하세요, 하이닥 내과 상담의 김소연 입니다.

시간이 지나면 호전될 것으로 생각되나 건조하지 않도록 해주는게 좋겠습니다.
사람마다 호전되는 시간을 다를것으로 생각됩니다.

감사합니다. ",https://www.hidoc.co.kr/healthqna/part/view/C0000446445
먼지 알레르기성 비염,2018.12.13,"먼지 알레르기성 비염이 있는데 알로에와 프로폴리스중에 무엇이 더 좋은건가요?
둘 다 같이 복용하면 안좋다고 하시던데 프로폴리스는 면역력을 키워준다하고 알로에는 몸에 열이 많은 사람에게 좋다는데 두개를 한번에 목용하면 효과가 떨어지는 건가요 아님 효과가 아예 없는 건가요?",김소연 [전문의],"안녕하세요, 하이닥 내과 상담의 김소연 입니다.

둘다 도움은 될것 같습니다. 따로 복용해도 좋겠습니다.
대신 알로에나 프로폴리스에 알레르기가 없으신지 확인하시고 복용하시기 바랍니다.

감사합니다. ",https://www.hidoc.co.kr/healthqna/part/view/C0000444628
온몸에 두드러기,2018.11.29,"안녕하세요 20대 중반 성인 여성입니다.

27일 늦은저녁 기차역에서 감자튀김을 사먹고 온몸에 붉은 두드러기가 올라오기 시작했습니다.
목에서 부터 시작되에 등 옆구리 배 사타구니에 참을 수 없는 가려움에 약국에서 처방 없이 항히스타민제를 사 먹었습니다.
약을 먹고 저도 모르게 잠들고 나서 보니 가려움증이 나아져서 다행이다 했지만
몇시간이 지난 지금은 증상이 갑자기 더 악화됐습니다.

상체에만 크게 퍼져있던것은 가라앉았지만 이제는 엉덩이를 포함한 전체 다리와 발등, 그리고 어깨에서 손끝까지 화상입은것처럼 부어오르고 펴졌습니다.

제가 해외 생활을 하는데 피부과는 외국인 보험으로 커버가 되지 않아서 당장 응급실에는 갈 수가 없고, 하루 한알 먹을 수 있는 항 히스타민제를 내일 먹어야 하는데 약이 너무 졸려서 학교가 걱정됩니다.

며칠 더 지켜보다가 어쩔 수 없으면 병원에 가는게 좋을까요? 정말 너무너무 가려운것도 문제지만, 온몸에 붉은 반점이 너무 보기 징그럽습니다 ㅠㅠ

그리고 이제까지 음식에 대한 알레르기가 없었는데 갑자기 이런일이 일어나니 당황스럽네요...ㅠㅠㅠ

이게 두드러기가 맞긴 한건가요?
답변 부탁드립니다 감사합니다!",한재병 [전문의],"안녕하세요, 하이닥 응급의학과 상담의 한재병 입니다.

사진이 명확하지 않지만 알레르기 반응에 의한 두드러기가 맞을듯 합니다.
약물에 의해 가라앉았다가 다시 한번 더 올라오는 경우도 많습니다.
단, 사진상으로 확인을 한거라 정확하지는 않지만, 우선 조금 지켜보셔도 될듯합니다.
하루에 한알 드시는 항히스타민이라면 졸음 문제는 대개 해결될듯합니다.

많이 불편하시다면 비용을 떠나서 진료가 필요할 수 있습니다.",https://www.hidoc.co.kr/healthqna/part/view/C0000442781
온몸에 두드러기,2018.11.29,"안녕하세요 20대 중반 성인 여성입니다.

27일 늦은저녁 기차역에서 감자튀김을 사먹고 온몸에 붉은 두드러기가 올라오기 시작했습니다.
목에서 부터 시작되에 등 옆구리 배 사타구니에 참을 수 없는 가려움에 약국에서 처방 없이 항히스타민제를 사 먹었습니다.
약을 먹고 저도 모르게 잠들고 나서 보니 가려움증이 나아져서 다행이다 했지만
몇시간이 지난 지금은 증상이 갑자기 더 악화됐습니다.

상체에만 크게 퍼져있던것은 가라앉았지만 이제는 엉덩이를 포함한 전체 다리와 발등, 그리고 어깨에서 손끝까지 화상입은것처럼 부어오르고 펴졌습니다.

제가 해외 생활을 하는데 피부과는 외국인 보험으로 커버가 되지 않아서 당장 응급실에는 갈 수가 없고, 하루 한알 먹을 수 있는 항 히스타민제를 내일 먹어야 하는데 약이 너무 졸려서 학교가 걱정됩니다.

며칠 더 지켜보다가 어쩔 수 없으면 병원에 가는게 좋을까요? 정말 너무너무 가려운것도 문제지만, 온몸에 붉은 반점이 너무 보기 징그럽습니다 ㅠㅠ

그리고 이제까지 음식에 대한 알레르기가 없었는데 갑자기 이런일이 일어나니 당황스럽네요...ㅠㅠㅠ

이게 두드러기가 맞긴 한건가요?
답변 부탁드립니다 감사합니다!",한재병 [전문의],"안녕하세요, 하이닥 응급의학과 상담의 한재병 입니다.

사진이 명확하지 않지만 알레르기 반응에 의한 두드러기가 맞을듯 합니다.
약물에 의해 가라앉았다가 다시 한번 더 올라오는 경우도 많습니다.
단, 사진상으로 확인을 한거라 정확하지는 않지만, 우선 조금 지켜보셔도 될듯합니다.
하루에 한알 드시는 항히스타민이라면 졸음 문제는 대개 해결될듯합니다.

많이 불편하시다면 비용을 떠나서 진료가 필요할 수 있습니다.",https://www.hidoc.co.kr/healthqna/part/view/C0000442781
온몸에 두드러기,2018.11.29,"안녕하세요 20대 중반 성인 여성입니다.

27일 늦은저녁 기차역에서 감자튀김을 사먹고 온몸에 붉은 두드러기가 올라오기 시작했습니다.
목에서 부터 시작되에 등 옆구리 배 사타구니에 참을 수 없는 가려움에 약국에서 처방 없이 항히스타민제를 사 먹었습니다.
약을 먹고 저도 모르게 잠들고 나서 보니 가려움증이 나아져서 다행이다 했지만
몇시간이 지난 지금은 증상이 갑자기 더 악화됐습니다.

상체에만 크게 퍼져있던것은 가라앉았지만 이제는 엉덩이를 포함한 전체 다리와 발등, 그리고 어깨에서 손끝까지 화상입은것처럼 부어오르고 펴졌습니다.

제가 해외 생활을 하는데 피부과는 외국인 보험으로 커버가 되지 않아서 당장 응급실에는 갈 수가 없고, 하루 한알 먹을 수 있는 항 히스타민제를 내일 먹어야 하는데 약이 너무 졸려서 학교가 걱정됩니다.

며칠 더 지켜보다가 어쩔 수 없으면 병원에 가는게 좋을까요? 정말 너무너무 가려운것도 문제지만, 온몸에 붉은 반점이 너무 보기 징그럽습니다 ㅠㅠ

그리고 이제까지 음식에 대한 알레르기가 없었는데 갑자기 이런일이 일어나니 당황스럽네요...ㅠㅠㅠ

이게 두드러기가 맞긴 한건가요?
답변 부탁드립니다 감사합니다!",한재병 [전문의],"안녕하세요, 하이닥 응급의학과 상담의 한재병 입니다.

사진이 명확하지 않지만 알레르기 반응에 의한 두드러기가 맞을듯 합니다.
약물에 의해 가라앉았다가 다시 한번 더 올라오는 경우도 많습니다.
단, 사진상으로 확인을 한거라 정확하지는 않지만, 우선 조금 지켜보셔도 될듯합니다.
하루에 한알 드시는 항히스타민이라면 졸음 문제는 대개 해결될듯합니다.

많이 불편하시다면 비용을 떠나서 진료가 필요할 수 있습니다.",https://www.hidoc.co.kr/healthqna/part/view/C0000442781
얼굴 화끈거림,2018.11.06,"여름에는 괜찮은데 겨울만되면 얼굴이 화끈거리고 따금 거립니다
특히 뜨거운 음식을 먹거나 운동을 하면 심합니다
왜 그런건지요?
좋은 음식있으면 추천 부탁드립니다...",김소연 [전문의],"안녕하세요, 하이닥 내과 상담의 김소연 입니다.

열에 의한 알레르기 반응이 아닐까 생각됩니다.
두드러기가 생기진 않으신가요?
사실상 콜린성 알레르기의 경우엔 피하는것 말고는 피하는 방법이 별로 없습니다.
너무 뜨거운 음식을 먹지 않도록 하시고 증상이 불편한 정도라면 예방약을 먹으면서 지내볼수도 있으나 그렇게 하기보다는 원인이 되는 것을 피하시는게 좋습니다.
알레르기 내과 진료를 보시는게 좋겠습니다.

감사합니다.",https://www.hidoc.co.kr/healthqna/part/view/C0000440261
햇빛알레르기 예밥법?,2018.10.17,"제가 해빛을 보면 피부에 두드르기같은 게 심하게 납니다. 몸전체에서요.
햇빛을 한 5분만 쬐어도 그렇습니다.
그래서 낮에는 밖에 되도록 안나갑니다만 꼭 나가야할 일이 있으면 피부가 드러나지 않게 다 가리고 다닙니다.
죽을 지경이죠.
며칠후 태국으로 단체여행을 가게 되어있는데 정말 걱정입니다.
외국에서 온몸을 다 덮어쓰고 다닐 수도 없고, 또 그기는 더우니 그렇게 하다간 더위먹겠죠.
해서 무슨 예방법이 없을까요?
썬크림은 잠시만 효과가 있을 뿐이고 몇시간을 다니면 덧발라줘도 소용이 없습니다. 또 선크림으로 인한 피부 트래블도 생기고요.
국내에서 같으면 병원이나 가지만 외국에서 그럴 수도 없을 것 같고 어떡하면 좋겠습니까?
임시로 증세가 나타나지 않게 하는 약같은게 없을까요?",정윤주 [전문의],"안녕하세요, 하이닥 가정의학과 상담의 정윤주 입니다.

여행을 앞두고 걱정이 많으시겠습니다
7.5cm 이상되는 큰 창모자를 쓰고 얇은 흰색 긴 옷을 입으시고 노출부위에는 효과가 없다고 느끼셔도 자외선 차단 크림을 바르셔야합니다
자외선 차단 크림은 SPF 30-50 정도여야 하며 외출 30분 전에 바르시고 매 2시간마다 덧발라 주세요.
항히스타민제를 미리 준비하셔서 태국에서 매일 복용하시는 것이 좋습니다.
예방을 최대한 했어도 증상이 발생될 수 있으므로 그때 진정시킬수 있는 스테로이드 외용제도 처방받아서 준비해 가시는 것이 좋습니다.
시원한 물로 샤워하거나 증상 부위 얼음 찜질도 치료에 도움을 줍니다.
아무쪼록 즐거운 여행 되시길 바랍니다.

감사합니다.",https://www.hidoc.co.kr/healthqna/part/view/C0000438213
부루펜알러지로 눈이 붓고 안구부종이 있는데요...,2018.10.06,"목아파서 병원에 갔습니다 처음 간 병원이었고
부루펜알러지 있다고 말하고 약타서 먹었는데
자고 일어나보나 눈이 또 엄청 부어있습니다ㅠㅠㅠ잘 안떠지고 한쪽은 흰자도 좀 부은거같고
록시로신 유한폰탈 메니솔론 코덴스 모사피아 알메텍
이 중에 부루펜이랑 비슷한 성분이거나 이런증상이 나타날 수 있는 약이 있나요?
부루펜 알러지 있다고 약처방 받았을땐 이런적이 한번도없었거든요ㅠㅠㅠ답답합니다",김소연 [전문의],"안녕하세요, 하이닥 내과 상담의 김소연 입니다.

약물 알러지로 생긴 혈관부종으로 추정됩니다. 유한폰탈이 원인이 아닐까 생각되구요 소염 진통제 종류라 비슷한 성분이 될수 있겠습니다. 항생제도 알레르기 원인이 될수 있는데 록시로신이 그럴수도 있을것 같습니다. 약중단하시고 보통 하루이틀 지나면 호전되나 증상지속시 약물알레르기로 진료 보시는게 좋겠습니다.

답변이 도움이 되셨으면 좋겠습니다. 감사합니다.",https://www.hidoc.co.kr/healthqna/part/view/C0000436879
부루펜 알러지로 눈이 붓고 안구부종이 있는데요...,2018.10.06,"목아파서 병원에 갔습니다 처음 간 병원이었고
부루펜알러지 있다고 말하고 약타서 먹었는데
자고 일어나보나 눈이 또 엄청 부어있습니다ㅠㅠㅠ잘 안떠지고 한쪽은 흰자도 좀 부은거같고
록시로신 유한폰탈 메니솔론 코덴스 모사피아 알메텍
이 중에 부루펜이랑 비슷한 성분이거나 이런증상이 나타날 수 있는 약이 있나요?
부루펜 알러지 있다고 약처방 받았을땐 이런적이 한번도없었거든요ㅠㅠㅠ답답합니다..",한재병 [전문의],"안녕하세요, 하이닥 응급의학과 상담의 한재병 입니다.

부루펜 계열의 약은 없습니다. 큰 분류상 비스테로이드성 소염진통제는 있긴 합니다만..이번에 사용한 약이 많아 어느 약으로 생기는 증상인지 파악하기는 힘듭니다.모든 약에서 나타날 수는 있습니다.

감사합니다.",https://www.hidoc.co.kr/healthqna/part/view/C0000436877
입술간지럽고 부어오름,2018.09.06,안녕하세요. 신우신염으로 자주앓아서 정밀검사받고 이상소견없어서 면역치료하자해서 유로박솜캡슐처방받아서복용후10분이지났나아랫입술이간지러우면거붓기시작하였습니다.제가 세파계열알러지와 라식스주사 부작용이있습니다.저약도부작용일까요?자가면역질환검사를해봐야할까요?,정윤주 [전문의],"안녕하세요, 하이닥 가정의학과 상담의 정윤주 입니다.

약물에 대해 과민 반응 병력이 있으므로 약물에 대한 알러지 반응이 의심되기는 합니다
일단 중단후 처방 받은 병원과 상의해 보시길 바랍니다.
감사합니다.",https://www.hidoc.co.kr/healthqna/part/view/C0000433288
이게 두드러기일종인가요??,2018.09.22,"어제.금요일밤 11시경부터 발견.
양팔에 전체적으로. ( 현재까지 )
몸통 배와가슴에 전체적으로.
( 배부분과 가슴부분은 남아있긴하나
어제보다 가라앉아보임 )

어제 올라온부위 그대로.
다른곳으로 더 번지거나 하지는 않았어요
하체와얼굴은 안났어요.

간지럼증이 느껴지나 계속 긁을정도의
심하지는않고. 참을만함. 구지 안긁어도될정도.
통증은 없고. 열없고. 근육통? 같은것도없어요.

몸살. 때문에 감기약 복용.
세토펜이알서방정. 뮤코라제정.
마지막복용. 수요일오후4시경.

메니에르때문에. 보나링에이정 하루한알복용.
( 그런데 이약은 몇년전부터 복용하던약.
이상증상없었음)


갑자기 올라와서 왜그럴까 생각해보던중
약때문에 그러나? 그러다가 세토펜 부작용중
스티븐슨이런게 있길래요 ㅠㅠ

혹시 그런거일수도 있을까봐 무섭네요 ㅠㅠ


이게 두드러기일종인가요??
명절이라. ㅠㅠ
아프거나 심하게 가렵거나 그러지않고
물집이나 고름? 염증? 이런건 안보이는데
그냥 지켜봐도 되는건지 응급실이라도
가야하는건지.. 연휴라4일정도는 병원을
갈수가 없으니 ㅠㅠ ㅠㅠ",송민규 [전문의],"안녕하세요, 하이닥 피부과 상담의 송민규 입니다.

처음 생긴 피부염의 경우에는 원인을 찾기 어려운 경우가 대부분입니다.
우선 증상이 심하지 않고 발진이 번지지 않으시니 좀더 지켜보시면 점차 호전될 가능성이 높으실 것으로 생각됩니다.
걱정이 많이 되시거나 증상이 나빠지면 가까운 피부과 전문의를 찾으시는 것이 좋습니다.

도움이 되셨기를 바랍니다.",https://www.hidoc.co.kr/healthqna/part/view/C0000435269
이게 두드러기일종인가요??,2018.09.22,"어제.금요일밤 11시경부터 발견.
양팔에 전체적으로. ( 현재까지 )
몸통 배와가슴에 전체적으로.
( 배부분과 가슴부분은 남아있긴하나
어제보다 가라앉아보임 )

어제 올라온부위 그대로.
다른곳으로 더 번지거나 하지는 않았어요
하체와얼굴은 안났어요.

간지럼증이 느껴지나 계속 긁을정도의
심하지는않고. 참을만함. 구지 안긁어도될정도.
통증은 없고. 열없고. 근육통? 같은것도없어요.

몸살. 때문에 감기약 복용.
세토펜이알서방정. 뮤코라제정.
마지막복용. 수요일오후4시경.

메니에르때문에. 보나링에이정 하루한알복용.
( 그런데 이약은 몇년전부터 복용하던약.
이상증상없었음)


갑자기 올라와서 왜그럴까 생각해보던중
약때문에 그러나? 그러다가 세토펜 부작용중
스티븐슨이런게 있길래요 ㅠㅠ

혹시 그런거일수도 있을까봐 무섭네요 ㅠㅠ


이게 두드러기일종인가요??
명절이라. ㅠㅠ
아프거나 심하게 가렵거나 그러지않고
물집이나 고름? 염증? 이런건 안보이는데
그냥 지켜봐도 되는건지 응급실이라도
가야하는건지.. 연휴라4일정도는 병원을
갈수가 없으니 ㅠㅠ ㅠㅠ",송민규 [전문의],"안녕하세요, 하이닥 피부과 상담의 송민규 입니다.

처음 생긴 피부염의 경우에는 원인을 찾기 어려운 경우가 대부분입니다.
우선 증상이 심하지 않고 발진이 번지지 않으시니 좀더 지켜보시면 점차 호전될 가능성이 높으실 것으로 생각됩니다.
걱정이 많이 되시거나 증상이 나빠지면 가까운 피부과 전문의를 찾으시는 것이 좋습니다.

도움이 되셨기를 바랍니다.",https://www.hidoc.co.kr/healthqna/part/view/C0000435269
이게 두드러기일종인가요??,2018.09.22,"어제.금요일밤 11시경부터 발견.
양팔에 전체적으로. ( 현재까지 )
몸통 배와가슴에 전체적으로.
( 배부분과 가슴부분은 남아있긴하나
어제보다 가라앉아보임 )

어제 올라온부위 그대로.
다른곳으로 더 번지거나 하지는 않았어요
하체와얼굴은 안났어요.

간지럼증이 느껴지나 계속 긁을정도의
심하지는않고. 참을만함. 구지 안긁어도될정도.
통증은 없고. 열없고. 근육통? 같은것도없어요.

몸살. 때문에 감기약 복용.
세토펜이알서방정. 뮤코라제정.
마지막복용. 수요일오후4시경.

메니에르때문에. 보나링에이정 하루한알복용.
( 그런데 이약은 몇년전부터 복용하던약.
이상증상없었음)


갑자기 올라와서 왜그럴까 생각해보던중
약때문에 그러나? 그러다가 세토펜 부작용중
스티븐슨이런게 있길래요 ㅠㅠ

혹시 그런거일수도 있을까봐 무섭네요 ㅠㅠ


이게 두드러기일종인가요??
명절이라. ㅠㅠ
아프거나 심하게 가렵거나 그러지않고
물집이나 고름? 염증? 이런건 안보이는데
그냥 지켜봐도 되는건지 응급실이라도
가야하는건지.. 연휴라4일정도는 병원을
갈수가 없으니 ㅠㅠ ㅠㅠ",송민규 [전문의],"안녕하세요, 하이닥 피부과 상담의 송민규 입니다.

처음 생긴 피부염의 경우에는 원인을 찾기 어려운 경우가 대부분입니다.
우선 증상이 심하지 않고 발진이 번지지 않으시니 좀더 지켜보시면 점차 호전될 가능성이 높으실 것으로 생각됩니다.
걱정이 많이 되시거나 증상이 나빠지면 가까운 피부과 전문의를 찾으시는 것이 좋습니다.

도움이 되셨기를 바랍니다.",https://www.hidoc.co.kr/healthqna/part/view/C0000435269
"""본 게시물은 질문자 본인의 요청으로 삭제되었습니다.""",2018.08.08,"""본 게시물은 질문자 본인의 요청으로 삭제되었습니다.""",김소연 [전문의],"안녕하세요, 하이닥 내과 상담의 김소연 입니다.

IgE 수치를 봐서는 알레르기 체질이신건 맞는것 같습니다.

혈액검사상 알레르기가 없다고 나와도 증상이 생길수도 있고 있다 나와도 없는경우도 있더라구요

자세한것은 알레르기 내과 와 상의하시기 바랍니다.",https://www.hidoc.co.kr/healthqna/part/view/C0000422342
알러지 증상일 까요? 맞다면 어떤 검사를 받아봐야 하는지 궁금합니다,2018.07.17,"평균 심박수가 70-80 정도로 멀쩡하다 가끔 식후 30분정도 후에 에 심박수가 100-110회로 빨라지고 호흡곤란과 어지럼증 증상이 나타난후 3시간쯤 뒤부터 차츰 잦아집니다 다른증상은 없습니다
개인적으로 알아보니 알러지 증상인거같다던대
알러지 증상일 까요? 맞다면 어떤 검사를 받아봐야 하는지 궁금합니다",제석준 [전문의],"안녕하세요, 하이닥 소화기내과 상담의 제석준 입니다. 글쎄요. 알레르기는 아닌 것 같은데요..어째튼 얄레르기검사는 MAST라고 여러가지 음식알레르기에 대한 검사를 할수는 있습니다.",https://www.hidoc.co.kr/healthqna/part/view/C0000414099
수혈을 받은신후에 생긴 증상인데 단순 알레르기일까요?,2018.07.12,"수혈을 받은신후에 생긴 증상인데 단순 알레르기일까요? 그리고 알레르기라면? 어느
알레르기일까요?",안효상 [전문의],"안녕하세요, 하이닥 피부과 상담의 안효상 입니다.
우선 답변이 늦어서 이미 병변이 많이 호전되었을 것으로 예상이 되는데요.

병변은 두드러기 증상에 합당한 소견으로 생각됩니다.

수혈 이후에 다양한 알레르기 반응이 나올 수 있는데
비교적 병변 부위가 다리에 국한되어 있기 때문에
크게 걱정은 안하셔도 될거 같습니다.

다만 병변 부위가 다른 부위에도 발생하거나
증상이 심해진다면 가까운 피부과 병원 또는
수혈을 받으신 종합병원을 재방문 하셔서
진찰 및 처방을 받으시는 것이 좋겠습니다.

현재로서는 이미 병변 부위가 호전되었을 것으로 예상됩니다.

즐겁고 시원한 한주 되시길 기원합니다.",https://www.hidoc.co.kr/healthqna/part/view/C0000412610
실내에서 조금 덥다고 느끼면 코 안쪽 말고 위에 코끝이 간지러운데요,2018.07.23,"저는 30대 여자구요..제가 예전부터 실내에서 조금 덥다고 느끼면 코 안쪽 말고 위에 코끝이 간지러운데요..
알레르기 이런 거는 없는데 왜 그런 걸까요?",최동기 [한의사],"안녕하세요, 하이닥 한방과 상담의 최동기 입니다.
다른 알러지가 없더라도 온도에 민감한 반응을 보이는 경우는 있습니다. 덥다고 느낄때 코끝으로 열감이나 이상한 팽창감이나 감각등을 느낄 수 있는데, 특별한 병이라기 보다는 현상으로 봐야하니 치료가 쉽지는 않겠네요.
가까운 한의원에 가셔서 코주변이나 목과 어깨를 잘 풀어서 열이 아래도 빠져나가도록 해보시는 것이 어떨까 합니다.
빨리 나으시길 바랄께요",https://www.hidoc.co.kr/healthqna/part/view/C0000415684
알레르기성 비염으로 눈도 간지러운데 이럴경우 비염치료를 위해 이비인후과를 갈지 눈이 간지러우니까 안과를 가야할까요?,2018.07.20,알레르기성 비염으로 눈도 간지러운데 이럴경우 비염치료를 위해 이비인후과를 갈지 눈이 간지러우니까 안과를 가야할까요?,최승영 [한의사],"안녕하세요, 하이닥 한방과 상담의 최승영 입니다.

알레르기비염, 알레르기결막염에 먼저 이비인후과에서 항히스타민제 등 처방을 받으시면 될것 같습니다.",https://www.hidoc.co.kr/healthqna/part/view/C0000415067
눈두덩이에 알레르기가 나서 간지럽고 화끈거리면서 부은것이 자꾸 재발합니다,2018.07.19,눈두덩이에 알레르기가 나서 간지럽고 화끈거리면서 부어서 피부과에서 처방해준 연고랑 약먹으면 가라앉았었는데 시도때도 없이 자주 붓고 가려워요... 계속 그 피부과약을 써야하나요 아님 새로운 약을 받아와야하나요..? 또 눈두덩이가 부으면서 살짝늘어났는데 원래처럼 회복이 안될수도 있다고 하셨는데 알레르기가 나아도 늘어져있게되는건가요?ㅠㅠ,김소연 [전문의],"안녕하세요, 하이닥 내과 상담의 김소연 입니다.

눈두덩이 알레르기라면 단순 알레르기라기 보다 혈관부종일 가능성 있으니 계속 반복되면 알레르기 내과진료를 보시고 알레르기 검사를 해보는게 좋겠습니다.
계속 붓고 빠지고가 반복된다면 눈두덩이 피부가 늘어질수 밖에 없을것 같습니다.
가장 좋은것은 알레르기 로 이한 것이라면 그원인이되는것을 피하는게 가장 좋은방법이니 검사를 받아보시기 바랍니다.",https://www.hidoc.co.kr/healthqna/part/view/C0000414750
온몸이 너무가렵고 손발끝이 저리고아파요,2018.07.09,"온몸이 너무가렵고 손발끝이 저리고아파요
피부과,신경과도 가봤지만 약처방만해줬고 지금은 약국에서 알러엔이라는 약을 먹고있습니다
어쩔때는 한알먹으면 일주일도 괜찮았다가 스트레스가 좀 심해지면 하루에 한알을 꼬박꼬박 먹지않으면 버티지못하겠어요
그리고 이제는 긁으면 손발저린것처럼긁은부위가아파요
네이버검색도 수없이 해봤지만 어떤병원으로가야할지도모르겠고너무괴로워요",엄문용 [전문의],"안녕하세요, 하이닥 내과 상담의 엄문용 입니다.
이유없이 발생하는 가려움, 심할 경우 발진이 동반되는 질환은 여러가지 원인이 있습니다.
기본적으로 간질환, 신장질환, 갑상선질환 등에 대한 평가에서 부터 알레르기 반응이 있는지 total IgE 등의 검사를 포함한 알레르기 항원반응검사 등을 해보셔야 합니다.
아마도 항히스타민제를 복용하고 계실 것으로 보이는데 이것은 원인을 모르는 상태에서 일시적인 대처에 불과합니다.
가까운 내과에 내원하셔서 관련검사를 받아보시기 바랍니다.
대학병원을 원하시면 알레르기내과에서 진료를 받으시기 바랍니다.",https://www.hidoc.co.kr/healthqna/part/view/C0000411088
초콜릿 재채기,2018.07.03,"현재 고1입니다.
어릴 때부터 그랬는데
초콜릿(다크초콜릿, 진한초코우유 등)을 먹으면 1회에서 2회 정도 재채기가 나옵니다.
이거 알러지인가요?",엄문용 [전문의],"안녕하세요, 하이닥 내과 상담의 엄문용 입니다.
초콜릿에 알레르기 반응을 보이는 경우가 생각보다 꽤 있습니다.
하지만 명확한 연관성이 있는지는 평가를 해보셔야 하겠습니다만 본인 스스로 증상과의 연관성이 꽤 있다고 생각하신다면 초콜릿 섭취를 자제하시는 게 좋겠습니다.
알레르기 반응의 가장 효과적인 치료 및 예방은 회피요법입니다.",https://www.hidoc.co.kr/healthqna/part/view/C0000409470
초콜릿 재채기,2018.07.03,"현재 고1입니다.
어릴 때부터 그랬는데
초콜릿(다크초콜릿, 진한초코우유 등)을 먹으면 1회에서 2회 정도 재채기가 나옵니다.
이거 알러지인가요?",엄문용 [전문의],"안녕하세요, 하이닥 내과 상담의 엄문용 입니다.
초콜릿에 알레르기 반응을 보이는 경우가 생각보다 꽤 있습니다.
하지만 명확한 연관성이 있는지는 평가를 해보셔야 하겠습니다만 본인 스스로 증상과의 연관성이 꽤 있다고 생각하신다면 초콜릿 섭취를 자제하시는 게 좋겠습니다.
알레르기 반응의 가장 효과적인 치료 및 예방은 회피요법입니다.",https://www.hidoc.co.kr/healthqna/part/view/C0000409470
햇빛알레르기,2018.07.03,"2017년 5월경부터 지금까지 햇빛에 노출되면 울긋불긋 노출된 부위가 빨개지고, 간지러워집니다. 강한햇빛은 물론, 그늘진 곳에 직접적이지 않아도 오래동안 있을경우라도 일정정도 노출된 부위가 빨개지고, 간질간질 거립니다. 물론, 실내로 들러와서 에어컨 바람이나 선선한 곳에 30분정도 있으면 위와 같은 증상이 사라집니다. 그래서, 이곳저곳 병원을 다니고, 약복용도 하고, 최근엔 한약처방까지 받고 치료 받았지만, 아직도, 외출이 제한적이고, 외출시 또는 운전할때도 아침, 점심 등 태양이 비출때면 얼굴과 귀, 손등을 여름이건, 겨울이건 가리고 다닙니다. 괴롭고 많이 힘듭니다. 좋은 정보 있으시면 알려주세요~ 감사합니다.",김영훈 [전문의],"안녕하세요, 하이닥 피부과 상담의 김영훈 입니다.

햇빛에 의한 알레르기는 원래 힘든 만성 알레르기성 두드러기의 한 종류입니다. 증상을 누를만큼 강한 약을 오랫동안 복용해야만 하는 경우가 보통입니다. 약을 복용하는것이 중요한 것이 아니고 어떤 종류의 약을 얼마만큼의 양으로 복용하는가가 중요하다고 생각합니다. 사실 만성 두드러기에 이렇다할 좋은 정보는 없습니다. 아직 논문에도 햇빛 알러지에 대한 이렇다할 좋은 치료법이 발표된 것은 없고요. 혹시 대학병원 진료를 아직 받아보시지 않았다면, 대학병원에서 한번 진료를 받아보시는 것도 좋습니다. 일반적으로 사용하는 약 이외에, 새로 개발된 약이나 면역억제제 등을 사용해 볼 수도 있으니까요.
그다지 좋은 정보를 드리지 못해서 죄송합니다만, 지속적인 치료로 증상이 올라오지 않도록 누르고 있는것이 일반적인 만성 알레르기성 두드러기의 가장 일반적인 치표법입니다. 알레르기는 병이라기보다는 당뇨병이나 고혈압같은 일종의 체질이니까요. 스스로 병을 다스리는 법을 익히시고 적절히 약을 사용하시는 것이 제일 좋은 방법이라고 생각합니다.",https://www.hidoc.co.kr/healthqna/part/view/C0000409199
항생제 알레르기 문의,2018.07.02,"약 15년전 페니실린계 항생제 먹고 얼마지나지 온몸에 두드러기가 나서 알러지있는걸 알고 이후 페니실린은 투약하지 않는데 세파계 항생제는 계속 투약해왔는데 최근에 입원을 했는데 페니실린계 알러지 있다니 세파계 항생제로 알러지 반응검사 했는데 알러지반응이 있다고 하더라고요 근데 전 계속 세파계 항생제를 복용 했는데 아무 문제 없었고 처음 온몸에 두드러기가 나게된 약은 크라목스정으로 페니실린계 항생제였는데 몇달전 이비인후과에서 페니실린계 항생제 알러지 있다 했는데 착각을 했는지 크라목스정과 동일성분의 다른 약을 항생제로 처방 했고 저도 착각을 해서 하루를 복용 했는데 아무이상반응이 없었어요 지금 생각해보니 의아한게 있습니다
15년전이 제가 17세 였는데 그전에 제가 페니실린을 안먹었을까 하는 의문입니다 분명 그전에 페니실린 항생제를 먹었을지 않을까 싶고 이때 알러지반응이 있고 나서부터 약이 어떤게 들어갔는지 확인하고 먹기시작했기 때문에 그전에는 페니실린을 먹었는지 아닌지 정확히 알수없지만 가장 흔하고 가장 많이 처방되는 페니실린계와 세파계 항생제를 17세 되는 동안 한번도 복용안해봤을까 하는건데요 피부에 항생제 알러지반응검사에서 알러지반응 있다는게 정말 알러지가 있는걸로 생각해야되는건지 의문입니다
처음 크라목스정 먹고 온몸에 두드러기가 났는게 다른약도 같이 복용하여 다른 약 때문일수도있다고 생각들수 있지만 처방된 병원에 확인시 기존 처방된 약중 크라목스만 바꿨다고 해서 알게됬구요 알레르기 비염때문에 이미 한 2주정도 치료중이었습니다 그리고 이후 저는 원인불명의 만성두드러기를 10년간 앓았습니다 대학병원가서 알레르기 항원검사 및 피부조직검사까지 했는데 원인을 찾지 못했구요
모든 상황을 고려 했을때 전 페니실린계와 세파계 알러지가 맞는걸까요?
다른 항생제를 먹으면 되는 문제인데
참 이상한게 왜 대부분에 병의원에서는 페니실린계와 세파계외에는 다른계 항생제 처방을 꺼리는지 모르겠어요 알러지있다고 해도 페니실린계나 세파계로 처방하는 의사도 있었구요 첨엔 항생제 써야겠다 해놓곤 페니실린계 알러지있다하면 항생제 처방 안해도 되겠다 번복하는 의사가 대부분이구요
항생제 써야할때는 써야되는데 참 불편하네요 더군다나 이젠 세파계도 있다하니 더 항생제 처방안해주려고 하구요 여긴 대구인데 대구만 이런건지 참 이해가 잘 안갑니다 다양한 종류의 항생제도 많던데 말이죠

답변 부탁드립니다",김소연 [전문의],"안녕하세요, 하이닥 내과 상담의 김소연 입니다.

페니실린 및 세파계 항생제에 알레르기가 있으신분들이 많이 있습니다.
대부분 항생제를 써야할때 가장흔하게 처방하는 약들이지만 여기에 알레르기 가 있다면 대체 할수 있는 항생제 들 몇가지에서 약을 바꿔 써야하나 작은병원에서는 대체약이 없는경우가 많이 있어서 가능하면 항생제를 안주려는 경우도 있을수 있습니다.

피부 항생제 알레르기 반응검사로 있다고 하셨는데 그렇다면 가능하면 약을 피하는게 좋겠지요.
항생제 알레르기 반응검사의 경우는 사실 피부반응 보다 약을 먹고 유발검사를 해보시는게 가장 정확합니다.
대학병원 알레르기 내과를 가셔서 2-3일 입원하면서 약물 유발 검사를 해보시면 가장 정확합니다.

아직 항생제 알레르기 병력이 확실치 않다면 내원하셔서 검사를 받아보시는게 좋겠습니다.
알레르기의 경우 처음보다 2-3차 노출때 더 심한 알레르기 반응을 일으키는경우도 있고 약물마다 알레르기 반응기전이 다를수도 있기때문에 알레르기 전문의와 상담하는게 가장좋겠습니다.

그리고 약물알레르기가 있다면 피하는게 가장 좋은 방법입니다.",https://www.hidoc.co.kr/healthqna/part/view/C0000409128
문의 드립니다,2018.06.30,"단순치루로 치루절개술로 수술을 했는데 페니실린계, 세파계 항생제 알러지있어서 입원동안 항생제로 씨제이후라시닐정 이란 약을 먹었는데요 퇴원하면서 항생제로 씨제이후라시닐정, 크로세프캡슐 이렇게 처방을 해줘서 크로세프캡슐이 세파계인걸 확인하고 크로세프캡슐은 빼고 복용하라고 하는데 씨제이후라시닐정이 검색을 해보니 항원충제라고 나와있는데 구충제인건가요? 혐기성균의 감염증 치료에도 사용하는걸로 나와있는데요
씨제이후라시닐정은 페니실린계나 세파계등 각종 항생제로 대체할만큼 충분한 효능이 있나요?
아니면 항생제로 효능은 약하고 기생충에 의한 약효가 뛰어난건가요
그리고 씨제이후라시닐정도 다른 항생제처럼 장내유익균도 사멸하는 부작용도 있나요

또 하나 제가 페니실린계 항생제는 먹고 얼마지나지않아 온몸에 두드러기가 올라와서 확실히 알았는데 호흡곤란이나 그런문제는 없었구요 그래서 이 후 세파계 포함 다양한 종류의 항생제를 감기나 다른문제로 15년간 복용했는데 아무 문제가 없었어요 심지어 얼마전에 의사선생님도 그렇고 저도 그렇고 착각해서 페니실린계 항생제를 2일나 복용 했는데 아무 문제가 없었어요 페니실린계 항생제 복용 후 알러지 반응 있은 후 15년 지나서 복용한셈이죠
그래도 전 이후에도 페니실린계 항생제는 먹지않는데 치루수술외 다른 문제로 최근에 입원을 했는데 페니실린계 알러지 있다니 세파계 항생제로 알러지 반응검사 했는데 알러지반응 있다고 마이신이라고 한것 같은데 그걸로 항생주사를 정맥으로 주더라고요 그때부터 세파계도 알러지있다고 병원가면 말하는데 지금까지 10년넘게 세파계 항생제를 먹고 아무 이상 없었는데 정말 세파계도 알러지가 있는걸까요 없는걸까요
세파나 페니실린이나 같은 계열 항생제라고 보면 된다고 오래전부터 들었는데도 페니실린 알러지 있다하면 병원에서는 항상 세파계로 처방해주더라구요 그래도 먹으면 아무이상 없어 전 알러지가 없다 생각했는데 알러지반응검사에서 알러지있다 해버리니 뭐가 맞는지 모르겠네요 단순히 주사바늘에 의한 피부자극이 심하게 와서 알러지라고 판단한건지... 제가 피부묘기증상도 있거든요 민감한 편입니다

마지막으로 씨제이후라시닐정, 크로세프캡슐을 같이 복용해도 되나요 이때까지 세파계 항생제 복용하고 문제 된적없어 복용을 해보려 하는데 위 두약을 같이 복용가능한지도 궁금하네요

답변 부탁드립니다",이문우 [약사],"안녕하세요, 하이닥 상담약사 이문우 입니다.

네...

참 희한하네요...

피부반응에서 알러지 반응이 나오는데 복용하면 괜찬고...

원래 체질은 변하느거라...

일단 알러지 반응이 잇으니가

세파계통도 피하시고요...

후라*닐정도 염증에는 효과가 있어요...

감사~~^^",https://www.hidoc.co.kr/healthqna/part/view/C0000408435
햇빛알레르기,2018.07.03,"2017년 5월경부터 지금까지 햇빛에 노출되면 울긋불긋 노출된 부위가 빨개지고, 간지러워집니다. 강한햇빛은 물론, 그늘진 곳에 직접적이지 않아도 오래동안 있을경우라도 일정정도 노출된 부위가 빨개지고, 간질간질 거립니다. 물론, 실내로 들러와서 에어컨 바람이나 선선한 곳에 30분정도 있으면 위와 같은 증상이 사라집니다. 그래서, 이곳저곳 병원을 다니고, 약복용도 하고, 최근엔 한약처방까지 받고 치료 받았지만, 아직도, 외출이 제한적이고, 외출시 또는 운전할때도 아침, 점심 등 태양이 비출때면 얼굴과 귀, 손등을 여름이건, 겨울이건 가리고 다닙니다. 괴롭고 많이 힘듭니다. 좋은 정보 있으시면 알려주세요~ 감사합니다.",김영훈 [전문의],"안녕하세요, 하이닥 피부과 상담의 김영훈 입니다.

햇빛에 의한 알레르기는 원래 힘든 만성 알레르기성 두드러기의 한 종류입니다. 증상을 누를만큼 강한 약을 오랫동안 복용해야만 하는 경우가 보통입니다. 약을 복용하는것이 중요한 것이 아니고 어떤 종류의 약을 얼마만큼의 양으로 복용하는가가 중요하다고 생각합니다. 사실 만성 두드러기에 이렇다할 좋은 정보는 없습니다. 아직 논문에도 햇빛 알러지에 대한 이렇다할 좋은 치료법이 발표된 것은 없고요. 혹시 대학병원 진료를 아직 받아보시지 않았다면, 대학병원에서 한번 진료를 받아보시는 것도 좋습니다. 일반적으로 사용하는 약 이외에, 새로 개발된 약이나 면역억제제 등을 사용해 볼 수도 있으니까요.
그다지 좋은 정보를 드리지 못해서 죄송합니다만, 지속적인 치료로 증상이 올라오지 않도록 누르고 있는것이 일반적인 만성 알레르기성 두드러기의 가장 일반적인 치표법입니다. 알레르기는 병이라기보다는 당뇨병이나 고혈압같은 일종의 체질이니까요. 스스로 병을 다스리는 법을 익히시고 적절히 약을 사용하시는 것이 제일 좋은 방법이라고 생각합니다.",https://www.hidoc.co.kr/healthqna/part/view/C0000409199
어떤 진료를 받아야 할까요?,2018.04.15,"45세 여성입니다
특정음식(카레, 양념이 많은 음식, 기름진 음식, 신음식 등)을 먹으면 맥박이 빨라지고 복부가 빵빵하게 올라오며 복통이 있고 얼굴에 열이 올라옵니다. 어떤 음식은 심하면 맥박이 170-80이 나와서 순환기내과에서 처방받은 콩코드정과 안정제 및 가스제거제 를 복용합니다.
식사도중 혹은 식후 10여분내에 이런 증상이 있습니다.
그리고 복통이 오면 어김없이 얼굴에 열이 올라옵니다. 심장검사(부정맥)는 정상인데 맥박만 좀 빠르다고 가슴두근거림이라는 진단을 받았고 복부초음파도 이상없다고 합니다.
위와 같은 증상은 어떤 진료를 받아야 할까요?

추신. 병원에서 진경제 부작용이 있다고 내시경할 때 주사를 안하고 한다는데 괜찮은지요?",김소연 [전문의],"안녕하세요, 하이닥 내과 상담의 김소연 입니다.
특정음식에 그런반응을 보인다는 것은 음식알레르기일수도 있겠습니다. 알레르기 내과 를 방문해서 음식에 알레르기 있는지 검사받아보시는게 좋겠습니다.
또한 내시경 검사를 시행해 보시는 것도 권유드립니다.
진경제 부작용이 있으시다면 꼭 내시경시 진경제 사용하지 않아도 상관 없겠습니다.",https://www.hidoc.co.kr/healthqna/part/view/C0000376467
꽃가루 알러지가 있습니다.,2018.06.28,"꽃가루 알러지가 있습니다.
따로 챙겨야하는 음식이나 식이요법이
있는지요.",최승영 [한의사],"안녕하세요, 하이닥 한방과 상담의 최승영 입니다.

알레르기에는 꽃가루 등 해당 항원을 피하는 것이 가장 확실한 방법이 됩니다.
당장의 심한 알레르기반응에는 항히스타민제 등을 이용하여 진정이 가능하며, 증상이 심하게 지속될때는 진찰후 체질개선 한의약처방을 하여 도움이 될 수 있습니다.",https://www.hidoc.co.kr/healthqna/part/view/C0000407813
꽃가루 알러지가 있습니다.,2018.06.28,"꽃가루 알러지가 있습니다.
따로 챙겨야하는 음식이나 식이요법이
있는지요.",최승영 [한의사],"안녕하세요, 하이닥 한방과 상담의 최승영 입니다.

알레르기에는 꽃가루 등 해당 항원을 피하는 것이 가장 확실한 방법이 됩니다.
당장의 심한 알레르기반응에는 항히스타민제 등을 이용하여 진정이 가능하며, 증상이 심하게 지속될때는 진찰후 체질개선 한의약처방을 하여 도움이 될 수 있습니다.",https://www.hidoc.co.kr/healthqna/part/view/C0000407813
아토피 가있는데 갑각류 종 새우 가재등을 먹어도되나요,2018.06.27,아토피 가있는데 갑각류 종 새우 가재등을 먹어도되나요,조혜리 [영양사],"안녕하세요, 하이닥 영양상담사 조혜리 입니다
피부과내원하셔서 알레르기검사반응을 확인하시고
특정식품에 대한 알러지검사후 반응이 나타나는음식등은 피해주셔야합니다
정확한 진단을 위해 전문의상담후 검사를 하시길바랍니다",https://www.hidoc.co.kr/healthqna/part/view/C0000407262
알러지 약을 많이 먹으면 몸이 안좋아지나요?,2018.06.19,"안녕하세요 20대 초반 남자입니다. 제가 밥을 먹거나 운동을 하면 콜린성 두드러기가 생겨서 가려울때마다 먹는데요
(하루에 3,4번씩 복용합니다-리노포스틴 10mg,씨잘 5mg)

지인이 말하기를 알러지약을 매일 먹으면 당뇨병이 오고, 시력이 안좋아지고, 뼈가 약해진다던데 사실인가요?",이영준 [약사],"안녕하세요, 하이닥 상담약사 이영준 입니다.

좋은 지인을 두셨습니다 네~ 말씀 들으신 그대로 입니다
지금 피부 알러지를 막기 위해 복용하시는 전문의약품은
항히스타민을 억제하기위해 사용되는 몽 속 호르몬을 교란하는 성분입니다

단기간 복용시에는 크게 문제가 없지만, 장기간 복용시에는
몸 속에 있는 미네랄을 많이 고갈시키고, 신장에도 무리가 가고
제일 문제인 호르몬 교통정리가 개판으로 되기에 호르몬 신호등이 무너지면
걷잡을 수 없는 부작용들이 몸속에서 생겨납니다
특히나 커피를 많이 드시고, 잠을 많이 안주무시는 습관이 있다면 더더욱 위험하지요

콜린성 두드러기를 서서히 약하게 만들기 위해선
먼저 체질 개선을 위해 몸속 해독(디톡스)을 한번 하시는 것을 추천드립니다
또한 미네랄 소실을 막기 위해 칼슘, 마그네슘, 비타민D, 아연, 셀레늄 등이 들어있는
영양제 복용을 권하고, 신장과 간을 보호하기 위해 간보호제를 권합니다

식사 중에 두드러기가 심하게 생기는 음식은 제일 기피하는 음식으로 리스트를 작성하시고
전문의약품 처방받으신 것은 많이 심한 경우만 드시는 방향으로 약 복용을 줄여가시고
바르는 로션이나 알로에겔을 발라서 또는 얼음이나 찬물로 진정시키는 방법을 써보시길 바랍니다

피부과에 가시면 여러가지 알러지 검사를 할텐데 사실 뭐가 원인인지 잘 확인이 안되는 경우가 허다하니
검사가 의미가 없구요 ^^ 본인이 식사조절을 잘하시는 편이 최선입니다

답변이 도움이 되었기를 바랍니다",https://www.hidoc.co.kr/healthqna/part/view/C0000403401
제 병을 찾고 싶습니다,2018.06.22,"불시적으로 신체 외부가 아닌 내부가 간지러운것 같은 느낌이 듭니다.(뇌, 손가락 내부) 통증을 주어서 해소 시키기는 하지만
이와 같은 일은 벌써 10년이 넘게 지속되고 있습니다.
이떄문에 공부를 하기가 굉장히 힘들고 머리속에서도 집중이 안됩니다.
이 감각은 같은 행동을 반복 하거나 할떄 특히 더 심해지는 것 같습니다.(타자를 치거나 글씨를 쓰는일)

이 외에도 항상 멍하고, 머리가 정리가 안되서 심할떄는 간단한 논리연산도 힘듭니다.
꼭 원인을 찾고 싶습니다. 도와주세요....",한재병 [전문의],"안녕하세요, 하이닥 응급의학과 상담의 한재병 입니다.

말씀하신 내용대로라면, 우선 신경과 진료를 보시기를 추천합니다.
기질적 원인이 없음이 확인된다면, 정신과 상담이나 약물 치료가 도움이 되는 경우가 많습니다.",https://www.hidoc.co.kr/healthqna/part/view/C0000405282
어떠한 이유와 해결 방법은 어떠한것이 있을까요?,2018.06.15,"49세 남자이며, 키는 174, 몸무게는 82kg입니다.
땀을 많이 나는 체질은 아닌데 양말의 목밴드 부위나 팬티의 고무밴드 등에서 땀에의한 알레르기 반응이 일어납니다.
어떠한 이유와 해결 방법은 어떠한것이 있을까요?",호동식 [의사],"안녕하세요, 하이닥 피부과 상담의 호동식 입니다. 물리적 요인에 의한 땀 배출의 억제는 피부염의 원인이 됩니다. 습한 환경을 피해주시고, 가려움이나 따가운 증상이 심하거나, 수포등의 병변이 발생하시면 진료를 받기를 권해드립니다.",https://www.hidoc.co.kr/healthqna/part/view/C0000401662
체격은 150 초반이고 저체중에 가깝고 빈혈이 있습니다.,2018.05.31,"안녕하세요 저는 20대 중반 여성입니다. 체격은 150 초반이고 저체중에 가깝고 빈혈이 있습니다.

요즘 머쉬마루 버섯을 자주 사서 반찬으로 볶아 먹었는데 먹고 나면 입천장이랑 혀가 간질간질한 느낌이 들어요. 목 안 쪽이 조금 따끔하기도 합니다. 하지만 딱히 발진이 일어나진 않습니다.

버섯은 항상 흐르는 물에 씻어서 조리했습니다. 새송이나 팽이같은 다른 버섯을 먹었을 땐 이런 증상이 없었던 걸로 기억하고요.

하루 자고 나면 간지러운 느낌이 없어지긴 하는데, 알레르기일까요? 그리고 병원에 갈 정도는 아닌 것 같은데 영 간지러워서요. 집에서 좀 가라앉힐 방법이 있을까요?",한재병 [전문의],"안녕하세요, 하이닥 응급의학과 상담의 한재병 입니다.

말씀해주신 내용을 바탕으로 확인하면, 머쉬*루가 원인일 가능성이 높아 보입니다.
가장 좋은 방법은 원인으로 의심되는 것을 피하는 방법입니다. 가능하면 머쉬*루 버섯을 복용하지 않는게 좋습니다.
갑자기 반응이 크게 오는 경우 목이 붓거나, 호흡이 곤란해지고, 혈압이 떨어질 수도 있습니다.",https://www.hidoc.co.kr/healthqna/part/view/C0000396195
기름진 것만 먹으면 가래가 낍니다.,2018.05.28,"기름진 것만 먹으면 가래가 낍니다.

식사하는 도중엔 상관없는데 먹고 나면 심한 감기처럼 기도쪽에 가래가 끼네요. 평소 일반식같은경우 해당 증상이 없는데 튀긴 요리나 패스트푸드, 음식점에서 구워먹는 고기 등을 먹었을 때 증상이 나타납니다.

병원에 가야할 정도로 심각성을 느끼진 못하지만 증상이 오래 되니 검진을 받아봐야하나 싶어 질문드립니다.",이방훈 [전문의],"안녕하세요, 하이닥 내과 상담의 이방훈 입니다.
특정 음식에 대한 가벼운 과민반응 정도로 생각됩니다.
생활에 불편감이 없다면 특별한 치료도 필요없는 경우가 많습니다.
그런 것들과는 별개로 일정 연령이 넘으면 건강검진은 해보는 것이 좋을 것 같습니다.
기름류와 관련된 과민반응의 가능성을 생각해봐야 할 것 같습니다.",https://www.hidoc.co.kr/healthqna/part/view/C0000394278
체격은 150 초반이고 저체중에 가깝고 빈혈이 있습니다.,2018.05.31,"안녕하세요 저는 20대 중반 여성입니다. 체격은 150 초반이고 저체중에 가깝고 빈혈이 있습니다.

요즘 머쉬마루 버섯을 자주 사서 반찬으로 볶아 먹었는데 먹고 나면 입천장이랑 혀가 간질간질한 느낌이 들어요. 목 안 쪽이 조금 따끔하기도 합니다. 하지만 딱히 발진이 일어나진 않습니다.

버섯은 항상 흐르는 물에 씻어서 조리했습니다. 새송이나 팽이같은 다른 버섯을 먹었을 땐 이런 증상이 없었던 걸로 기억하고요.

하루 자고 나면 간지러운 느낌이 없어지긴 하는데, 알레르기일까요? 그리고 병원에 갈 정도는 아닌 것 같은데 영 간지러워서요. 집에서 좀 가라앉힐 방법이 있을까요?",한재병 [전문의],"안녕하세요, 하이닥 응급의학과 상담의 한재병 입니다.

말씀해주신 내용을 바탕으로 확인하면, 머쉬*루가 원인일 가능성이 높아 보입니다.
가장 좋은 방법은 원인으로 의심되는 것을 피하는 방법입니다. 가능하면 머쉬*루 버섯을 복용하지 않는게 좋습니다.
갑자기 반응이 크게 오는 경우 목이 붓거나, 호흡이 곤란해지고, 혈압이 떨어질 수도 있습니다.",https://www.hidoc.co.kr/healthqna/part/view/C0000396195
아침혹은 점심만되면 자주 붉은반점이 올라오면서 온몸이간지럽습니다,2018.05.31,"아침혹은 점심만되면 자주 붉은반점이 올라오면서 온몸이간지럽습니다 이런반응이생긴지는 2달이되가고 병원에서는 그냥 알러지반응이네요라고만 하고 가라앉게만 하는 약만처방합니다
재가 재수를 하고잇는데 스트레스로인해 발생하는걸까요?
이때까진 알러지 비염 하나도 없었습니다.
시간이 없어서 대학병원은 가지도 못했습니다.
어떻게 하는게 좋을까요?
지금은 팔부터 시작해서 양팔 가슴 엉덩이 허벅지 붉게나타납디다.",엄문용 [전문의],"안녕하세요, 하이닥 내과 상담의 엄문용 입니다.
말씀대로 알레르기 반응의 가능성이 가장 높아보이는 피부소견인데 우선 원인 평가가 필요합니다.
소위 말하는 몸안에 알레르기 반응의 소인이 있는지 total IgE(촐면역글로불린 E)검사를 해보시고 이 수치가 증가되어 있으면 소인이 있다고 봅니다.
그렇다면 생활속의 몇십가지 이상되는 알레르기 유발항원에 대해 반응검사를 실시하는데 흔한 것들은 집먼지 진드기, 동물의 털, 기타 달걀, 땅콩 등의 음식입니다.
치료방법은 항히스타민제라는 분류의 약을 복용하시게 되고 가장 효과적인 것은 회피요법으로 알려져있는데 말그대로 원인 항원에 대해 회피하는 방법입니다. 예를 들면 집먼지진드기에 반응이 나온다면 침구류를 자주 세탁하고 진드기가 잘 들러붙지 않는 소재의 침구로 변경하는 방법입니다.
우선 가까운 내과에 내원하셔서 검사를 받아보시기 바랍니다.",https://www.hidoc.co.kr/healthqna/part/view/C0000395829
어떤 진료를 받아야 할까요?,2018.04.15,"45세 여성입니다
특정음식(카레, 양념이 많은 음식, 기름진 음식, 신음식 등)을 먹으면 맥박이 빨라지고 복부가 빵빵하게 올라오며 복통이 있고 얼굴에 열이 올라옵니다. 어떤 음식은 심하면 맥박이 170-80이 나와서 순환기내과에서 처방받은 콩코드정과 안정제 및 가스제거제 를 복용합니다.
식사도중 혹은 식후 10여분내에 이런 증상이 있습니다.
그리고 복통이 오면 어김없이 얼굴에 열이 올라옵니다. 심장검사(부정맥)는 정상인데 맥박만 좀 빠르다고 가슴두근거림이라는 진단을 받았고 복부초음파도 이상없다고 합니다.
위와 같은 증상은 어떤 진료를 받아야 할까요?

추신. 병원에서 진경제 부작용이 있다고 내시경할 때 주사를 안하고 한다는데 괜찮은지요?",김소연 [전문의],"안녕하세요, 하이닥 내과 상담의 김소연 입니다.
특정음식에 그런반응을 보인다는 것은 음식알레르기일수도 있겠습니다. 알레르기 내과 를 방문해서 음식에 알레르기 있는지 검사받아보시는게 좋겠습니다.
또한 내시경 검사를 시행해 보시는 것도 권유드립니다.
진경제 부작용이 있으시다면 꼭 내시경시 진경제 사용하지 않아도 상관 없겠습니다.",https://www.hidoc.co.kr/healthqna/part/view/C0000376467
바나나와 숙주나물이 알레르기가 원인이 될 수 있나요?,2018.04.12,"아침에 숙주나물을 먹었는데 밥 먹는중에 (5분10분쯤?)목이 꽤 간지러웠거든요..
그리고 10시쯤에 바나나를 먹었는데 11시쯤에 목안쪽이 조금 가려웠구요..
바나나는 기존에는 의식하지 않아서 그런건지 기억이 잘 나질 않는데, 숙주나물을 먹을 때마다 가려웠던 기억이 있습니다.
이 두가지가 저한테 맞지 않는걸까요?
만약 그렇다면 이 두가지와 관련되어서 피해야할 음식이 어떤게 있을까요?",한재병 [전문의],"안녕하세요, 하이닥 응급의학과 상담의 한재병 입니다.

될 수 있습니다. 세상에 존재하는 모든 물질이 알레르기의 원인이 가능합니다.
사람 개개인마다 반응하는 양상이 다를뿐입니다.

증상 지속 혹은 불편시 알레르기 내과 혹은 클리닉 방문 후 정확한 진단이 필요할 수 있습니다.
우선, 해당 의심 식품은 피하시기를 권유합니다.",https://www.hidoc.co.kr/healthqna/part/view/C0000375116
알레르기로 식단조절하고 있는 환자입니다.,2018.04.11,"안녕하세요.
호산구성위장염식도염 진단을 받았다가 경구용스테로이드복용 하고 우유,달걀,콩,밀가루,해산물 식단조절해서 치료됬고, 치료중에
알레르기내과와 협진해서 , 협진할때 검사를 받아서 땅콩(심함)아몬드(심함).콩,샐러리,깨 를 피하고 , 복숭아사과자작나무오리나무도 피하라는 결과를 얻은 사람입니다.

질문: 운동후에 미숫가루 먹어도 알레르기가 될만한게 있을까요?
밤늦게 운동해서 소화가잘되는걸로 영양을 보충하려고 하는데 추천해주실수있을까요",현일식 [전문의],"안녕하세요, 하이닥 소화기내과 상담의 현일식 입니다.

미숫가루를 구입할 때 어떤 재료로 만들어져 있는지 잘 살펴 보세요. 선식의 경우 콩, 샐러리, 깨, 해산물이 들어가 있는 경우도 많습니다. 미숫가루를 만드는 방앗간에서 알레르기 유발 식품은 제외하고 직접 주문하는 것이 좋습니다.

하루 세끼 식사를 하시는 것 외에도 영양 보충이 필요하다고 판단되시면, 현재 섭취 가능한 단백질 음식은 생선과 고기류입니다.",https://www.hidoc.co.kr/healthqna/part/view/C0000374594
알레르기로 식단조절하고 있는데 운동후에 미숫가루 먹어도 되나요?,2018.04.09,"안녕하세요.
호산구성위장염식도염 진단을 받았다가 경구용스테로이드복용 하고 우유,달걀,콩,밀가루,해산물 식단조절해서 치료됬고, 치료중에
알레르기내과와 협진해서 , 협진할때 검사를 받아서 땅콩(심함)아몬드(심함).콩,샐러리,깨 를 피하고 , 복숭아사과자작나무오리나무도 피하라는 결과를 얻은 사람입니다.

질문: 운동후에 미숫가루 먹어도 알레르기가 될만한게 있을까요?
밤늦게 운동해서 소화가잘되는걸로 영양을 보충하려고 하는데 추천해주실수있을까요?",박예리 [영양사],"안녕하세요, 하이닥 영양상담사 박예리 입니다.

문의하신 질문 답변드립니다.
미숫가루의 경우, 대부분 햅쌀, 찹쌀 등 곡물을 볶아서 만든 가루이지만 일부 제품에는 콩이나 깨를 함유하기도 합니다.
따라서 가능하면 시판되는 제품중 '원재료 및 함량'을 통해 알러지 유발 재료가 없는지 반드시 확인하시고
섭취하시길 바랍니다.

미숫가루에 알러지 유발 재료가 없다면 밤 늦게 운동하고 나서 영양보충을 위해 미숫가루+우유 드시는 것 권장드립니다.

답변이 도움이 되셨길 바랍니다.
감사합니다.",https://www.hidoc.co.kr/healthqna/part/view/C0000373845
알레르기로 식단조절 하고있는데 미숫가루먹어도되나요?,2018.04.09,"안녕하세요.
호산구성위장염식도염 진단을 받았다가 경구용스테로이드복용 하고 우유,달걀,콩,밀가루,해산물 식단조절해서 치료됬고, 치료중에
알레르기내과와 협진해서 , 협진할때 검사를 받아서 땅콩(심함)아몬드(심함).콩,샐러리,깨 를 피하고 , 복숭아사과자작나무오리나무도 피하라는 결과를 얻은 사람입니다.

질문: 운동후에 미숫가루 먹어도 알레르기가 될만한게 있을까요?
밤늦게 운동해서 소화가잘되는걸로 영양을 보충하려고 하는데 추천해주실수있을까요?",박예리 [영양사],"안녕하세요, 하이닥 영양상담사 박예리 입니다.

문의하신 질문 답변드립니다.
미숫가루의 경우, 대부분 햅쌀, 찹쌀 등 곡물을 볶아서 만든 가루이지만 일부 제품에는 콩이나 깨를 함유하기도 합니다.
따라서 가능하면 시판되는 제품중 '원재료 및 함량'을 통해 알러지 유발 재료가 없는지 반드시 확인하시고
섭취하시길 바랍니다.

미숫가루에 알러지 유발 재료가 없다면 밤 늦게 운동하고 나서 영양보충을 위해 미숫가루+우유 드시는 것 권장드립니다.

답변이 도움이 되셨길 바랍니다.
감사합니다.",https://www.hidoc.co.kr/healthqna/part/view/C0000373848
호산구 수치 높음,2018.03.24,"안녕하세요

남편이 회사건강 검진에서 호산구 수치가 높고(18%) 호산구 수도 많다는 결과가 나왔습니다.
호산구 수치는 약 5년동안 계속 15-20% 으로 나오는데
원인은 여러가지가 있다고 들었는데 몇년간 유지되는 상황이라 걱정이되네요
관련해서 내분비내과나 일반내과 방문해야하는지, 어디서 원인을 알 수있는지 궁금합니다.",이방훈 [전문의],"안녕하세요, 하이닥 내과 상담의 이방훈 입니다.

호산구는 혈액속의 백혈구 중에서 알러지와 관련된 일을 하는 세포입니다.
수년간 계속 높은 수치가 유지되었다면
평상시 생활 환경이 알러지를 유발시키는 환경일 수 있다는 애기입니다.
현재는 특별한 증상이 없는 것으로 보이나 추후 불특정 증상들이 나타날 수 있는데 그것을 호산구 증가와 연관이 된 건지를 구분해볼 필요는 있습니다.
즉, 감기든, 장염이든 병원을 방문하게 되면 호산구가 높다는 이야기를 하시고 본인의 증상과 관련이 있는 것인지를 확인해보는 것이 좋습니다.
내과를 방문하셔야 하는데 알레르기 내과라는 분야가 있습니다.
그쪽 방면으로 가셔서 관련된 검사를 진행하는 것이 맞을 것 같습니다.",https://www.hidoc.co.kr/healthqna/part/view/C0000366487
토마토를 먹고나면 배 부위에 가려움 증상이 나타나는것 같아요.,2018.03.13,"요즘 제철인 일명 짭짤이 토마토를 너무 좋아하는데...
토마토를 먹고나면 배 부위에 가려움 증상이 나타나는것 같아요.
다른 토마토 쥬스나 토마토 스파게티 같은 음식 먹으면
이러한 증상은 나타나지 않구요.
언제부터인가 토마토 먹고나면 가려움 증상이 나타나는데
부위가 크진않고 유독 배부위만 가렵거든요.
한번 가려움이 느껴지면 너무 가려워서 계속 손이가게되는데
꼭 토마토 때문은 아닐 수 도 있으나
이런경우 토마토를 먹지 말아야할까요??",전일선 [전문의],"안녕하세요, 하이닥 피부과 상담의 전일선 입니다.
음식에 대해서 반응을 판정할떄는 판단하기가 애매한 경우가 많습니다. 그래서 원칙은 입원하에 다른음식을 전혀 먹지 않고 그 음식만 약 1주일 정도 먹어보고 반응을 보게 되어 있습니다 그렇게 까지 할수없다면 일단 지속적으로 먹은후와 일단 끊은후 관찰을 해 보신후 차이를 판단해 보아야 할 것 같습니다.
감사합니다",https://www.hidoc.co.kr/healthqna/part/view/C0000361383
토마토를 먹고나면 배 부위에 가려움 증상이 나타나는것 같아요.,2018.03.13,"요즘 제철인 일명 짭짤이 토마토를 너무 좋아하는데...
토마토를 먹고나면 배 부위에 가려움 증상이 나타나는것 같아요.
다른 토마토 쥬스나 토마토 스파게티 같은 음식 먹으면
이러한 증상은 나타나지 않구요.
언제부터인가 토마토 먹고나면 가려움 증상이 나타나는데
부위가 크진않고 유독 배부위만 가렵거든요.
한번 가려움이 느껴지면 너무 가려워서 계속 손이가게되는데
꼭 토마토 때문은 아닐 수 도 있으나
이런경우 토마토를 먹지 말아야할까요??",전일선 [전문의],"안녕하세요, 하이닥 피부과 상담의 전일선 입니다.
음식에 대해서 반응을 판정할떄는 판단하기가 애매한 경우가 많습니다. 그래서 원칙은 입원하에 다른음식을 전혀 먹지 않고 그 음식만 약 1주일 정도 먹어보고 반응을 보게 되어 있습니다 그렇게 까지 할수없다면 일단 지속적으로 먹은후와 일단 끊은후 관찰을 해 보신후 차이를 판단해 보아야 할 것 같습니다.
감사합니다",https://www.hidoc.co.kr/healthqna/part/view/C0000361383
잠못들정도로 가려워 문의드립니다.,2018.02.28,"평생 알러지증상같은건없었는데
잠못들정도로 가려워 문의드립니다.

저녁에 가려움증이시작되었으니
저녁:라멘+대창
커피
고구마라떼

구토증상이나 내부증상은 없습니다.

집사람과 관계시 윤활제사용이 온몸 알러지가될수도 있나요?

이런경우 가볍게 지나가는것인지 꼭 병원을 찾아야하는지요?

피부가약한 부위위주로 가려움과 얕은 발진이 보입니다.",정윤주 [전문의],"안녕하세요, 하이닥 가정의학과 상담의 정윤주 입니다.
가려움의 원인은 매우 광범위하고 다양하여 쉽게 꼭찝어 찾기는 어렵습니다.
잠을 설칠 정도의 가려움이라면 가까운 병의원에 내원하셔서 진찰을 받고 치료를 받기를 권해드립니다.
병의 경과가 심해지면 필요에 따라 검사가 필요할 수도 있습니다.
접촉성으로 인한 것은 대개 사용 부위에 국한되거나 몸으로 퍼져나가더라고 접촉한 부위가 더 심한 경향을 보입니다.
가벼운 병일지 심한 병일지는 현재로서는 알 수가 없습니다.
정확한 진단이 내려지고 병의 경과 과정을 보아야 알 수 있습니다
감사합니다",https://www.hidoc.co.kr/healthqna/part/view/C0000355499
